Using pre-set license
Built from '6000.0/staging' branch; Version is '6000.0.33f1 (433b0a79340b) revision 4406026'; Using compiler version '193933523'; Build Type 'Release'
OS: 'Windows 11  (10.0.26100) 64bit Core' Language: 'en' Physical Memory: 32147 MB
BatchMode: 1, IsHumanControllingUs: 0, StartBugReporterOnCrash: 0, Is64bit: 1, IsPro: 1

COMMAND LINE ARGUMENTS:
C:\Program Files\Unity\Hub\Editor\6000.0.33f1\Editor\Unity.exe
-adb2
-batchMode
-noUpm
-name
AssetImportWorker0
-projectPath
C:/Users/Lirael/OneDrive/Documents/GitHub/Project-1/Project1
-logFile
Logs/AssetImportWorker0.log
-srvPort
49217
-job-worker-count
7
-background-job-worker-count
8
-gc-helper-count
1
Successfully changed project path to: C:/Users/Lirael/OneDrive/Documents/GitHub/Project-1/Project1
C:/Users/Lirael/OneDrive/Documents/GitHub/Project-1/Project1
[UnityMemory] Configuration Parameters - Can be set up in boot.config
    "memorysetup-bucket-allocator-granularity=16"
    "memorysetup-bucket-allocator-bucket-count=8"
    "memorysetup-bucket-allocator-block-size=33554432"
    "memorysetup-bucket-allocator-block-count=8"
    "memorysetup-main-allocator-block-size=16777216"
    "memorysetup-thread-allocator-block-size=16777216"
    "memorysetup-gfx-main-allocator-block-size=16777216"
    "memorysetup-gfx-thread-allocator-block-size=16777216"
    "memorysetup-cache-allocator-block-size=4194304"
    "memorysetup-typetree-allocator-block-size=2097152"
    "memorysetup-profiler-bucket-allocator-granularity=16"
    "memorysetup-profiler-bucket-allocator-bucket-count=8"
    "memorysetup-profiler-bucket-allocator-block-size=33554432"
    "memorysetup-profiler-bucket-allocator-block-count=8"
    "memorysetup-profiler-allocator-block-size=16777216"
    "memorysetup-profiler-editor-allocator-block-size=1048576"
    "memorysetup-temp-allocator-size-main=16777216"
    "memorysetup-job-temp-allocator-block-size=2097152"
    "memorysetup-job-temp-allocator-block-size-background=1048576"
    "memorysetup-job-temp-allocator-reduction-small-platforms=262144"
    "memorysetup-allocator-temp-initial-block-size-main=262144"
    "memorysetup-allocator-temp-initial-block-size-worker=262144"
    "memorysetup-temp-allocator-size-background-worker=32768"
    "memorysetup-temp-allocator-size-job-worker=262144"
    "memorysetup-temp-allocator-size-preload-manager=33554432"
    "memorysetup-temp-allocator-size-nav-mesh-worker=65536"
    "memorysetup-temp-allocator-size-audio-worker=65536"
    "memorysetup-temp-allocator-size-cloud-worker=32768"
    "memorysetup-temp-allocator-size-gi-baking-worker=262144"
    "memorysetup-temp-allocator-size-gi-baking-worker=262144"
    "memorysetup-temp-allocator-size-gi-baking-worker=262144"
    "memorysetup-temp-allocator-size-gi-baking-worker=262144"
    "memorysetup-temp-allocator-size-gi-baking-worker=262144"
    "memorysetup-temp-allocator-size-gfx=262144"
Player connection [32360]  Target information:

Player connection [32360]  * "[IP] 10.41.202.9 [Port] 0 [Flags] 2 [Guid] 1796584010 [EditorId] 1796584010 [Version] 1048832 [Id] WindowsEditor(7,DESKTOP-QNH2V3C) [Debug] 1 [PackageName] WindowsEditor [ProjectName] Editor" 

Player connection [32360] Host joined multi-casting on [225.0.0.222:54997]...
Player connection [32360] Host joined alternative multi-casting on [225.0.0.222:34997]...
JobSystem: Creating JobQueue using job-worker-count value 7
[Physics::Module] Initialized fallback backend.
[Physics::Module] Id: 0xdecafbad
Library Redirect Path: Library/
[Physics::Module] Selected backend.
[Physics::Module] Name: PhysX
[Physics::Module] Id: 0xf2b8ea05
[Physics::Module] SDK Version: 4.1.2
[Physics::Module] Integration Version: 1.0.0
[Physics::Module] Threading Mode: Multi-Threaded
Refreshing native plugins compatible for Editor in 2.42 ms, found 3 plugins.
Preloading 0 native plugins for Editor in 0.00 ms.
Initialize engine version: 6000.0.33f1 (433b0a79340b)
[Subsystems] Discovering subsystems at path C:/Program Files/Unity/Hub/Editor/6000.0.33f1/Editor/Data/Resources/UnitySubsystems
[Subsystems] Discovering subsystems at path C:/Users/Lirael/OneDrive/Documents/GitHub/Project-1/Project1/Assets
GfxDevice: creating device client; kGfxThreadingModeNonThreaded
Direct3D:
    Version:  Direct3D 11.0 [level 11.1]
    Renderer: NVIDIA GeForce GTX 1650 (ID=0x2188)
    Vendor:   NVIDIA
    VRAM:     3937 MB
    Driver:   32.0.15.6094
Initialize mono
Mono path[0] = 'C:/Program Files/Unity/Hub/Editor/6000.0.33f1/Editor/Data/Managed'
Mono path[1] = 'C:/Program Files/Unity/Hub/Editor/6000.0.33f1/Editor/Data/MonoBleedingEdge/lib/mono/unityjit-win32'
Mono config path = 'C:/Program Files/Unity/Hub/Editor/6000.0.33f1/Editor/Data/MonoBleedingEdge/etc'
Using monoOptions --debugger-agent=transport=dt_socket,embedding=1,server=y,suspend=n,address=127.0.0.1:56040
Begin MonoManager ReloadAssembly
Registering precompiled unity dll's ...
Register platform support module: C:/Program Files/Unity/Hub/Editor/6000.0.33f1/Editor/Data/PlaybackEngines/WindowsStandaloneSupport/UnityEditor.WindowsStandalone.Extensions.dll
Registered in 0.003082 seconds.
- Loaded All Assemblies, in  0.400 seconds
Native extension for WindowsStandalone target not found
Mono: successfully reloaded assembly
- Finished resetting the current domain, in  0.335 seconds
Domain Reload Profiling: 732ms
	BeginReloadAssembly (136ms)
		ExecutionOrderSort (0ms)
		DisableScriptedObjects (0ms)
		BackupInstance (0ms)
		ReleaseScriptingObjects (0ms)
		CreateAndSetChildDomain (1ms)
	RebuildCommonClasses (35ms)
	RebuildNativeTypeToScriptingClass (11ms)
	initialDomainReloadingComplete (52ms)
	LoadAllAssembliesAndSetupDomain (164ms)
		LoadAssemblies (133ms)
		RebuildTransferFunctionScriptingTraits (0ms)
		AnalyzeDomain (160ms)
			TypeCache.Refresh (158ms)
				TypeCache.ScanAssembly (145ms)
			BuildScriptInfoCaches (0ms)
			ResolveRequiredComponents (1ms)
	FinalizeReload (335ms)
		ReleaseScriptCaches (0ms)
		RebuildScriptCaches (0ms)
		SetupLoadedEditorAssemblies (290ms)
			LogAssemblyErrors (0ms)
			InitializePlatformSupportModulesInManaged (23ms)
			SetLoadedEditorAssemblies (4ms)
			BeforeProcessingInitializeOnLoad (53ms)
			ProcessInitializeOnLoadAttributes (151ms)
			ProcessInitializeOnLoadMethodAttributes (58ms)
			AfterProcessingInitializeOnLoad (0ms)
			EditorAssembliesLoaded (0ms)
		ExecutionOrderSort2 (0ms)
		AwakeInstancesAfterBackupRestoration (0ms)
========================================================================
Worker process is ready to serve import requests
Import Worker Mode flag is 0x00
Begin MonoManager ReloadAssembly
- Loaded All Assemblies, in  0.878 seconds
Refreshing native plugins compatible for Editor in 1.75 ms, found 3 plugins.
Native extension for WindowsStandalone target not found
Mono: successfully reloaded assembly
- Finished resetting the current domain, in  0.827 seconds
Domain Reload Profiling: 1698ms
	BeginReloadAssembly (179ms)
		ExecutionOrderSort (0ms)
		DisableScriptedObjects (6ms)
		BackupInstance (0ms)
		ReleaseScriptingObjects (0ms)
		CreateAndSetChildDomain (34ms)
	RebuildCommonClasses (39ms)
	RebuildNativeTypeToScriptingClass (12ms)
	initialDomainReloadingComplete (51ms)
	LoadAllAssembliesAndSetupDomain (589ms)
		LoadAssemblies (421ms)
		RebuildTransferFunctionScriptingTraits (0ms)
		AnalyzeDomain (273ms)
			TypeCache.Refresh (178ms)
				TypeCache.ScanAssembly (159ms)
			BuildScriptInfoCaches (80ms)
			ResolveRequiredComponents (12ms)
	FinalizeReload (827ms)
		ReleaseScriptCaches (0ms)
		RebuildScriptCaches (0ms)
		SetupLoadedEditorAssemblies (665ms)
			LogAssemblyErrors (0ms)
			InitializePlatformSupportModulesInManaged (3ms)
			SetLoadedEditorAssemblies (5ms)
			BeforeProcessingInitializeOnLoad (116ms)
			ProcessInitializeOnLoadAttributes (448ms)
			ProcessInitializeOnLoadMethodAttributes (86ms)
			AfterProcessingInitializeOnLoad (7ms)
			EditorAssembliesLoaded (0ms)
		ExecutionOrderSort2 (0ms)
		AwakeInstancesAfterBackupRestoration (5ms)
Launched and connected shader compiler UnityShaderCompiler.exe after 0.01 seconds
Refreshing native plugins compatible for Editor in 1.67 ms, found 3 plugins.
Preloading 0 native plugins for Editor in 0.00 ms.
Unloading 212 Unused Serialized files (Serialized files now loaded: 0)
Unloading 5961 unused Assets / (4.4 MB). Loaded Objects now: 6663.
Memory consumption went from 161.7 MB to 157.4 MB.
Total: 12.241700 ms (FindLiveObjects: 0.897200 ms CreateObjectMapping: 1.063700 ms MarkObjects: 6.649100 ms  DeleteObjects: 3.630000 ms)

========================================================================
Received Import Request.
  Time since last request: 718480.843386 seconds.
  path: Assets/Assets/buildings/park.prefab
  artifactKey: Guid(d2983d6bffa4f414e9e9d93174ab8b37) Importer(815301076,1909f56bfc062723c751e8b465ee728b)
Start importing Assets/Assets/buildings/park.prefab using Guid(d2983d6bffa4f414e9e9d93174ab8b37) Importer(815301076,1909f56bfc062723c751e8b465ee728b) (PreviewImporter) -> (artifact id: '144f31c677b55cd265f3379fef849184') in 0.470854 seconds
Number of updated asset objects reloaded before import = 0Number of asset objects unloaded after import = 42

========================================================================
Received Import Request.
  Time since last request: 2.074247 seconds.
  path: Assets/Assets/buildings/park.prefab
  artifactKey: Guid(d2983d6bffa4f414e9e9d93174ab8b37) Importer(815301076,1909f56bfc062723c751e8b465ee728b)
Start importing Assets/Assets/buildings/park.prefab using Guid(d2983d6bffa4f414e9e9d93174ab8b37) Importer(815301076,1909f56bfc062723c751e8b465ee728b) (PreviewImporter) -> (artifact id: '660e806dcbdd5920d9c24bda49d1c1bc') in 0.0025575 seconds
Number of updated asset objects reloaded before import = 0Number of asset objects unloaded after import = 6

========================================================================
Received Prepare
Begin MonoManager ReloadAssembly
- Loaded All Assemblies, in  0.697 seconds
Refreshing native plugins compatible for Editor in 1.38 ms, found 3 plugins.
Native extension for WindowsStandalone target not found
Mono: successfully reloaded assembly
- Finished resetting the current domain, in  0.658 seconds
Domain Reload Profiling: 1351ms
	BeginReloadAssembly (210ms)
		ExecutionOrderSort (0ms)
		DisableScriptedObjects (17ms)
		BackupInstance (0ms)
		ReleaseScriptingObjects (0ms)
		CreateAndSetChildDomain (58ms)
	RebuildCommonClasses (32ms)
	RebuildNativeTypeToScriptingClass (10ms)
	initialDomainReloadingComplete (28ms)
	LoadAllAssembliesAndSetupDomain (412ms)
		LoadAssemblies (343ms)
		RebuildTransferFunctionScriptingTraits (0ms)
		AnalyzeDomain (162ms)
			TypeCache.Refresh (9ms)
				TypeCache.ScanAssembly (0ms)
			BuildScriptInfoCaches (141ms)
			ResolveRequiredComponents (9ms)
	FinalizeReload (658ms)
		ReleaseScriptCaches (0ms)
		RebuildScriptCaches (0ms)
		SetupLoadedEditorAssemblies (488ms)
			LogAssemblyErrors (0ms)
			InitializePlatformSupportModulesInManaged (2ms)
			SetLoadedEditorAssemblies (4ms)
			BeforeProcessingInitializeOnLoad (101ms)
			ProcessInitializeOnLoadAttributes (322ms)
			ProcessInitializeOnLoadMethodAttributes (52ms)
			AfterProcessingInitializeOnLoad (6ms)
			EditorAssembliesLoaded (0ms)
		ExecutionOrderSort2 (0ms)
		AwakeInstancesAfterBackupRestoration (11ms)
Refreshing native plugins compatible for Editor in 1.75 ms, found 3 plugins.
Preloading 0 native plugins for Editor in 0.00 ms.
Unloading 23 Unused Serialized files (Serialized files now loaded: 0)
Unloading 5958 unused Assets / (3.9 MB). Loaded Objects now: 6711.
Memory consumption went from 155.5 MB to 151.7 MB.
Total: 7.708500 ms (FindLiveObjects: 0.786900 ms CreateObjectMapping: 0.821500 ms MarkObjects: 4.115800 ms  DeleteObjects: 1.983300 ms)

Prepare: number of updated asset objects reloaded= 0
========================================================================
Received Import Request.
  Time since last request: 18.875263 seconds.
  path: Assets/Assets/Resources/buildable tile.prefab
  artifactKey: Guid(755079f8ce9e7234a8e69bcb92964c6e) Importer(815301076,1909f56bfc062723c751e8b465ee728b)
Start importing Assets/Assets/Resources/buildable tile.prefab using Guid(755079f8ce9e7234a8e69bcb92964c6e) Importer(815301076,1909f56bfc062723c751e8b465ee728b) (PreviewImporter) -> (artifact id: '4c93320c4296ddf462002fe14d4b0ff4') in 0.445184 seconds
Number of updated asset objects reloaded before import = 0Number of asset objects unloaded after import = 165

========================================================================
Received Import Request.
  Time since last request: 0.000042 seconds.
  path: Assets/Assets/Resources/purchasable tile.prefab
  artifactKey: Guid(fe970d315aded9c439b668619cd017aa) Importer(815301076,1909f56bfc062723c751e8b465ee728b)
Start importing Assets/Assets/Resources/purchasable tile.prefab using Guid(fe970d315aded9c439b668619cd017aa) Importer(815301076,1909f56bfc062723c751e8b465ee728b) (PreviewImporter) -> (artifact id: '94ad7d394af7aa21fc7073c98ecb2585') in 0.1678724 seconds
Number of updated asset objects reloaded before import = 0Number of asset objects unloaded after import = 3274

========================================================================
Received Import Request.
  Time since last request: 9.963938 seconds.
  path: Assets/Assets/Resources/buildable tile.prefab
  artifactKey: Guid(755079f8ce9e7234a8e69bcb92964c6e) Importer(815301076,1909f56bfc062723c751e8b465ee728b)
Start importing Assets/Assets/Resources/buildable tile.prefab using Guid(755079f8ce9e7234a8e69bcb92964c6e) Importer(815301076,1909f56bfc062723c751e8b465ee728b) (PreviewImporter) -> (artifact id: 'd3fde1531f29f79d4d04ef1d35670bce') in 0.0242054 seconds
Number of updated asset objects reloaded before import = 0Number of asset objects unloaded after import = 155

========================================================================
Received Import Request.
  Time since last request: 0.000027 seconds.
  path: Assets/Assets/Resources/tile chunk.prefab
  artifactKey: Guid(988297465e54ca442996f357190fd441) Importer(815301076,1909f56bfc062723c751e8b465ee728b)
Start importing Assets/Assets/Resources/tile chunk.prefab using Guid(988297465e54ca442996f357190fd441) Importer(815301076,1909f56bfc062723c751e8b465ee728b) (PreviewImporter) -> (artifact id: 'a2a4b0431e4140b26fd65fcaeffdd5da') in 0.06447 seconds
Number of updated asset objects reloaded before import = 0Number of asset objects unloaded after import = 1707

========================================================================
Received Import Request.
  Time since last request: 175.310494 seconds.
  path: Assets/Assets/Resources/buildable tile.prefab
  artifactKey: Guid(755079f8ce9e7234a8e69bcb92964c6e) Importer(815301076,1909f56bfc062723c751e8b465ee728b)
Start importing Assets/Assets/Resources/buildable tile.prefab using Guid(755079f8ce9e7234a8e69bcb92964c6e) Importer(815301076,1909f56bfc062723c751e8b465ee728b) (PreviewImporter) -> (artifact id: 'f37a5207edac405d30b1a1bc2a404bab') in 0.0397192 seconds
Number of updated asset objects reloaded before import = 0Number of asset objects unloaded after import = 186

========================================================================
Received Import Request.
  Time since last request: 0.000031 seconds.
  path: Assets/Assets/Resources/tile chunk.prefab
  artifactKey: Guid(988297465e54ca442996f357190fd441) Importer(815301076,1909f56bfc062723c751e8b465ee728b)
Start importing Assets/Assets/Resources/tile chunk.prefab using Guid(988297465e54ca442996f357190fd441) Importer(815301076,1909f56bfc062723c751e8b465ee728b) (PreviewImporter) -> (artifact id: '3f1d5fa4021a796f4f03d82492bfd3e4') in 0.1357152 seconds
Number of updated asset objects reloaded before import = 0Number of asset objects unloaded after import = 1738

========================================================================
Received Import Request.
  Time since last request: 15.620819 seconds.
  path: Assets/Assets/Resources/park tile.prefab
  artifactKey: Guid(8af7cf06584f90b40970cd26ae21b337) Importer(815301076,1909f56bfc062723c751e8b465ee728b)
Start importing Assets/Assets/Resources/park tile.prefab using Guid(8af7cf06584f90b40970cd26ae21b337) Importer(815301076,1909f56bfc062723c751e8b465ee728b) (PreviewImporter) -> (artifact id: 'c9b9920eef0f68c93c4b79696156f502') in 0.16003 seconds
Number of updated asset objects reloaded before import = 0Number of asset objects unloaded after import = 40

========================================================================
Received Import Request.
  Time since last request: 16.933293 seconds.
  path: Assets/Assets/Resources/buildable tile.prefab
  artifactKey: Guid(755079f8ce9e7234a8e69bcb92964c6e) Importer(815301076,1909f56bfc062723c751e8b465ee728b)
Start importing Assets/Assets/Resources/buildable tile.prefab using Guid(755079f8ce9e7234a8e69bcb92964c6e) Importer(815301076,1909f56bfc062723c751e8b465ee728b) (PreviewImporter) -> (artifact id: '004b380f5761416193ba0ba062ea7eb6') in 0.0435026 seconds
Number of updated asset objects reloaded before import = 0Number of asset objects unloaded after import = 199

========================================================================
Received Import Request.
  Time since last request: 0.000031 seconds.
  path: Assets/Assets/Resources/tile chunk.prefab
  artifactKey: Guid(988297465e54ca442996f357190fd441) Importer(815301076,1909f56bfc062723c751e8b465ee728b)
Start importing Assets/Assets/Resources/tile chunk.prefab using Guid(988297465e54ca442996f357190fd441) Importer(815301076,1909f56bfc062723c751e8b465ee728b) (PreviewImporter) -> (artifact id: 'bfdc5ffac10700fd85394a6a9ad1cf28') in 0.074202 seconds
Number of updated asset objects reloaded before import = 0Number of asset objects unloaded after import = 1831

========================================================================
Received Import Request.
  Time since last request: 18.005349 seconds.
  path: Assets/Assets/Resources/buildable tile.prefab
  artifactKey: Guid(755079f8ce9e7234a8e69bcb92964c6e) Importer(815301076,1909f56bfc062723c751e8b465ee728b)
Start importing Assets/Assets/Resources/buildable tile.prefab using Guid(755079f8ce9e7234a8e69bcb92964c6e) Importer(815301076,1909f56bfc062723c751e8b465ee728b) (PreviewImporter) -> (artifact id: '87bb2eeef32bea4cc8bfb23552b6d206') in 0.041603 seconds
Number of updated asset objects reloaded before import = 0Number of asset objects unloaded after import = 196

========================================================================
Received Import Request.
  Time since last request: 0.000036 seconds.
  path: Assets/Assets/Resources/tile chunk.prefab
  artifactKey: Guid(988297465e54ca442996f357190fd441) Importer(815301076,1909f56bfc062723c751e8b465ee728b)
Start importing Assets/Assets/Resources/tile chunk.prefab using Guid(988297465e54ca442996f357190fd441) Importer(815301076,1909f56bfc062723c751e8b465ee728b) (PreviewImporter) -> (artifact id: 'bb6f232364557cd9f43f5ebb7936bb5d') in 0.1228301 seconds
Number of updated asset objects reloaded before import = 0Number of asset objects unloaded after import = 1796

========================================================================
Received Import Request.
  Time since last request: 4.813633 seconds.
  path: Assets/Assets/Resources/buildable tile.prefab
  artifactKey: Guid(755079f8ce9e7234a8e69bcb92964c6e) Importer(815301076,1909f56bfc062723c751e8b465ee728b)
Start importing Assets/Assets/Resources/buildable tile.prefab using Guid(755079f8ce9e7234a8e69bcb92964c6e) Importer(815301076,1909f56bfc062723c751e8b465ee728b) (PreviewImporter) -> (artifact id: '752e1f8e63e1ed796884b6b8b6ceb005') in 0.0376979 seconds
Number of updated asset objects reloaded before import = 0Number of asset objects unloaded after import = 196

========================================================================
Received Import Request.
  Time since last request: 0.000063 seconds.
  path: Assets/Assets/Resources/tile chunk.prefab
  artifactKey: Guid(988297465e54ca442996f357190fd441) Importer(815301076,1909f56bfc062723c751e8b465ee728b)
Start importing Assets/Assets/Resources/tile chunk.prefab using Guid(988297465e54ca442996f357190fd441) Importer(815301076,1909f56bfc062723c751e8b465ee728b) (PreviewImporter) -> (artifact id: '48e0d17565c5a57266d16ce7d777aa24') in 0.0739131 seconds
Number of updated asset objects reloaded before import = 0Number of asset objects unloaded after import = 1796

========================================================================
Received Import Request.
  Time since last request: 26.571360 seconds.
  path: Assets/Assets/Resources/buildable tile.prefab
  artifactKey: Guid(755079f8ce9e7234a8e69bcb92964c6e) Importer(815301076,1909f56bfc062723c751e8b465ee728b)
Start importing Assets/Assets/Resources/buildable tile.prefab using Guid(755079f8ce9e7234a8e69bcb92964c6e) Importer(815301076,1909f56bfc062723c751e8b465ee728b) (PreviewImporter) -> (artifact id: 'e2662e068b7801febcfd32b6307ad520') in 0.0553808 seconds
Number of updated asset objects reloaded before import = 0Number of asset objects unloaded after import = 196

========================================================================
Received Import Request.
  Time since last request: 0.000124 seconds.
  path: Assets/Assets/Resources/tile chunk.prefab
  artifactKey: Guid(988297465e54ca442996f357190fd441) Importer(815301076,1909f56bfc062723c751e8b465ee728b)
Start importing Assets/Assets/Resources/tile chunk.prefab using Guid(988297465e54ca442996f357190fd441) Importer(815301076,1909f56bfc062723c751e8b465ee728b) (PreviewImporter) -> (artifact id: '9918e2f6226cece9a265b669a27d2db8') in 0.0919817 seconds
Number of updated asset objects reloaded before import = 0Number of asset objects unloaded after import = 1796

========================================================================
Received Import Request.
  Time since last request: 3.735060 seconds.
  path: Assets/Assets/Resources/buildable tile.prefab
  artifactKey: Guid(755079f8ce9e7234a8e69bcb92964c6e) Importer(815301076,1909f56bfc062723c751e8b465ee728b)
Start importing Assets/Assets/Resources/buildable tile.prefab using Guid(755079f8ce9e7234a8e69bcb92964c6e) Importer(815301076,1909f56bfc062723c751e8b465ee728b) (PreviewImporter) -> (artifact id: '21de9dfb150883225248ff31929685fc') in 0.048306 seconds
Number of updated asset objects reloaded before import = 0Number of asset objects unloaded after import = 196

========================================================================
Received Import Request.
  Time since last request: 0.000091 seconds.
  path: Assets/Assets/Resources/tile chunk.prefab
  artifactKey: Guid(988297465e54ca442996f357190fd441) Importer(815301076,1909f56bfc062723c751e8b465ee728b)
Start importing Assets/Assets/Resources/tile chunk.prefab using Guid(988297465e54ca442996f357190fd441) Importer(815301076,1909f56bfc062723c751e8b465ee728b) (PreviewImporter) -> (artifact id: '7eedd83ff56776784a53304c65669215') in 0.1330225 seconds
Number of updated asset objects reloaded before import = 0Number of asset objects unloaded after import = 1796

========================================================================
Received Import Request.
  Time since last request: 6.400456 seconds.
  path: Assets/Assets/Resources/buildable tile.prefab
  artifactKey: Guid(755079f8ce9e7234a8e69bcb92964c6e) Importer(815301076,1909f56bfc062723c751e8b465ee728b)
Start importing Assets/Assets/Resources/buildable tile.prefab using Guid(755079f8ce9e7234a8e69bcb92964c6e) Importer(815301076,1909f56bfc062723c751e8b465ee728b) (PreviewImporter) -> (artifact id: '4042ad7ff94f9cc71e2c03809977d79b') in 0.0453515 seconds
Number of updated asset objects reloaded before import = 0Number of asset objects unloaded after import = 196

========================================================================
Received Import Request.
  Time since last request: 0.000092 seconds.
  path: Assets/Assets/Resources/tile chunk.prefab
  artifactKey: Guid(988297465e54ca442996f357190fd441) Importer(815301076,1909f56bfc062723c751e8b465ee728b)
Start importing Assets/Assets/Resources/tile chunk.prefab using Guid(988297465e54ca442996f357190fd441) Importer(815301076,1909f56bfc062723c751e8b465ee728b) (PreviewImporter) -> (artifact id: 'e843dc58c9c05c8b943efde615a2fcb0') in 0.0746973 seconds
Number of updated asset objects reloaded before import = 0Number of asset objects unloaded after import = 1796

========================================================================
Received Import Request.
  Time since last request: 10.115380 seconds.
  path: Assets/Assets/Resources/buildable tile.prefab
  artifactKey: Guid(755079f8ce9e7234a8e69bcb92964c6e) Importer(815301076,1909f56bfc062723c751e8b465ee728b)
Start importing Assets/Assets/Resources/buildable tile.prefab using Guid(755079f8ce9e7234a8e69bcb92964c6e) Importer(815301076,1909f56bfc062723c751e8b465ee728b) (PreviewImporter) -> (artifact id: 'a69628836a842f6f26f8e75968b1d3b0') in 0.0457148 seconds
Number of updated asset objects reloaded before import = 0Number of asset objects unloaded after import = 196

========================================================================
Received Import Request.
  Time since last request: 0.000078 seconds.
  path: Assets/Assets/Resources/tile chunk.prefab
  artifactKey: Guid(988297465e54ca442996f357190fd441) Importer(815301076,1909f56bfc062723c751e8b465ee728b)
Start importing Assets/Assets/Resources/tile chunk.prefab using Guid(988297465e54ca442996f357190fd441) Importer(815301076,1909f56bfc062723c751e8b465ee728b) (PreviewImporter) -> (artifact id: '3a33ed13adda5bf69ea510557707bde9') in 0.0670874 seconds
Number of updated asset objects reloaded before import = 0Number of asset objects unloaded after import = 1796

========================================================================
Received Import Request.
  Time since last request: 2.204982 seconds.
  path: Assets/Assets/Resources/buildable tile.prefab
  artifactKey: Guid(755079f8ce9e7234a8e69bcb92964c6e) Importer(815301076,1909f56bfc062723c751e8b465ee728b)
Start importing Assets/Assets/Resources/buildable tile.prefab using Guid(755079f8ce9e7234a8e69bcb92964c6e) Importer(815301076,1909f56bfc062723c751e8b465ee728b) (PreviewImporter) -> (artifact id: '5c32f1bb1e377241ccfa469729304700') in 0.0400146 seconds
Number of updated asset objects reloaded before import = 0Number of asset objects unloaded after import = 196

========================================================================
Received Import Request.
  Time since last request: 0.000093 seconds.
  path: Assets/Assets/Resources/tile chunk.prefab
  artifactKey: Guid(988297465e54ca442996f357190fd441) Importer(815301076,1909f56bfc062723c751e8b465ee728b)
Start importing Assets/Assets/Resources/tile chunk.prefab using Guid(988297465e54ca442996f357190fd441) Importer(815301076,1909f56bfc062723c751e8b465ee728b) (PreviewImporter) -> (artifact id: 'ca0c12588a491686c735f51f065ece17') in 0.10648 seconds
Number of updated asset objects reloaded before import = 0Number of asset objects unloaded after import = 1796

========================================================================
Received Import Request.
  Time since last request: 9.746704 seconds.
  path: Assets/Assets/Resources/buildable tile.prefab
  artifactKey: Guid(755079f8ce9e7234a8e69bcb92964c6e) Importer(815301076,1909f56bfc062723c751e8b465ee728b)
Start importing Assets/Assets/Resources/buildable tile.prefab using Guid(755079f8ce9e7234a8e69bcb92964c6e) Importer(815301076,1909f56bfc062723c751e8b465ee728b) (PreviewImporter) -> (artifact id: '23e498225c11ec8493ddc78426f0eee4') in 0.0418918 seconds
Number of updated asset objects reloaded before import = 0Number of asset objects unloaded after import = 196

========================================================================
Received Import Request.
  Time since last request: 0.000036 seconds.
  path: Assets/Assets/Resources/tile chunk.prefab
  artifactKey: Guid(988297465e54ca442996f357190fd441) Importer(815301076,1909f56bfc062723c751e8b465ee728b)
Start importing Assets/Assets/Resources/tile chunk.prefab using Guid(988297465e54ca442996f357190fd441) Importer(815301076,1909f56bfc062723c751e8b465ee728b) (PreviewImporter) -> (artifact id: '7479555c682b004b1a99d1ca30550651') in 0.0907453 seconds
Number of updated asset objects reloaded before import = 0Number of asset objects unloaded after import = 1796

========================================================================
Received Import Request.
  Time since last request: 11.719106 seconds.
  path: Assets/Assets/Resources/buildable tile.prefab
  artifactKey: Guid(755079f8ce9e7234a8e69bcb92964c6e) Importer(815301076,1909f56bfc062723c751e8b465ee728b)
Start importing Assets/Assets/Resources/buildable tile.prefab using Guid(755079f8ce9e7234a8e69bcb92964c6e) Importer(815301076,1909f56bfc062723c751e8b465ee728b) (PreviewImporter) -> (artifact id: '76af850f71dc7da2892efbe821ad74ab') in 0.0569397 seconds
Number of updated asset objects reloaded before import = 0Number of asset objects unloaded after import = 196

========================================================================
Received Import Request.
  Time since last request: 0.000057 seconds.
  path: Assets/Assets/Resources/tile chunk.prefab
  artifactKey: Guid(988297465e54ca442996f357190fd441) Importer(815301076,1909f56bfc062723c751e8b465ee728b)
Start importing Assets/Assets/Resources/tile chunk.prefab using Guid(988297465e54ca442996f357190fd441) Importer(815301076,1909f56bfc062723c751e8b465ee728b) (PreviewImporter) -> (artifact id: '7e717dac881a6dd32f0ea4662a213740') in 0.2010664 seconds
Number of updated asset objects reloaded before import = 0Number of asset objects unloaded after import = 1796

========================================================================
Received Import Request.
  Time since last request: 10.422983 seconds.
  path: Assets/Assets/Resources/buildable tile.prefab
  artifactKey: Guid(755079f8ce9e7234a8e69bcb92964c6e) Importer(815301076,1909f56bfc062723c751e8b465ee728b)
Start importing Assets/Assets/Resources/buildable tile.prefab using Guid(755079f8ce9e7234a8e69bcb92964c6e) Importer(815301076,1909f56bfc062723c751e8b465ee728b) (PreviewImporter) -> (artifact id: 'b2fa51feed188a6b980658b1795b647b') in 0.0496638 seconds
Number of updated asset objects reloaded before import = 0Number of asset objects unloaded after import = 196

========================================================================
Received Import Request.
  Time since last request: 0.000041 seconds.
  path: Assets/Assets/Resources/tile chunk.prefab
  artifactKey: Guid(988297465e54ca442996f357190fd441) Importer(815301076,1909f56bfc062723c751e8b465ee728b)
Start importing Assets/Assets/Resources/tile chunk.prefab using Guid(988297465e54ca442996f357190fd441) Importer(815301076,1909f56bfc062723c751e8b465ee728b) (PreviewImporter) -> (artifact id: '4412341b17c015127cbe604fe7ce404d') in 0.08576 seconds
Number of updated asset objects reloaded before import = 0Number of asset objects unloaded after import = 1796

========================================================================
Received Import Request.
  Time since last request: 148.588670 seconds.
  path: Assets/Assets/Resources/buildable tile.prefab
  artifactKey: Guid(755079f8ce9e7234a8e69bcb92964c6e) Importer(815301076,1909f56bfc062723c751e8b465ee728b)
Start importing Assets/Assets/Resources/buildable tile.prefab using Guid(755079f8ce9e7234a8e69bcb92964c6e) Importer(815301076,1909f56bfc062723c751e8b465ee728b) (PreviewImporter) -> (artifact id: '25ceb2d1b852ac3e8ef633341a7ede01') in 0.0508705 seconds
Number of updated asset objects reloaded before import = 0Number of asset objects unloaded after import = 195

========================================================================
Received Import Request.
  Time since last request: 0.000039 seconds.
  path: Assets/Assets/Resources/purchasable tile.prefab
  artifactKey: Guid(fe970d315aded9c439b668619cd017aa) Importer(815301076,1909f56bfc062723c751e8b465ee728b)
Start importing Assets/Assets/Resources/purchasable tile.prefab using Guid(fe970d315aded9c439b668619cd017aa) Importer(815301076,1909f56bfc062723c751e8b465ee728b) (PreviewImporter) -> (artifact id: 'e32284e4c6e471a6799a8540a6da9bcc') in 0.2516118 seconds
Number of updated asset objects reloaded before import = 0Number of asset objects unloaded after import = 3336

========================================================================
Received Import Request.
  Time since last request: 128.060276 seconds.
  path: Assets/Assets/Resources/buildable tile.prefab
  artifactKey: Guid(755079f8ce9e7234a8e69bcb92964c6e) Importer(815301076,1909f56bfc062723c751e8b465ee728b)
Start importing Assets/Assets/Resources/buildable tile.prefab using Guid(755079f8ce9e7234a8e69bcb92964c6e) Importer(815301076,1909f56bfc062723c751e8b465ee728b) (PreviewImporter) -> (artifact id: '079646d14670856dc15b2916e480b257') in 0.0528098 seconds
Number of updated asset objects reloaded before import = 0Number of asset objects unloaded after import = 199

========================================================================
Received Import Request.
  Time since last request: 0.000045 seconds.
  path: Assets/Assets/Resources/purchasable tile.prefab
  artifactKey: Guid(fe970d315aded9c439b668619cd017aa) Importer(815301076,1909f56bfc062723c751e8b465ee728b)
Start importing Assets/Assets/Resources/purchasable tile.prefab using Guid(fe970d315aded9c439b668619cd017aa) Importer(815301076,1909f56bfc062723c751e8b465ee728b) (PreviewImporter) -> (artifact id: '9cb6ff6e75aa028ce4531e7091047027') in 0.1359534 seconds
Number of updated asset objects reloaded before import = 0Number of asset objects unloaded after import = 3339

========================================================================
Received Import Request.
  Time since last request: 6.226301 seconds.
  path: Assets/Assets/Resources/buildable tile.prefab
  artifactKey: Guid(755079f8ce9e7234a8e69bcb92964c6e) Importer(815301076,1909f56bfc062723c751e8b465ee728b)
Start importing Assets/Assets/Resources/buildable tile.prefab using Guid(755079f8ce9e7234a8e69bcb92964c6e) Importer(815301076,1909f56bfc062723c751e8b465ee728b) (PreviewImporter) -> (artifact id: '418db08e17d682cdfd700f47eb8fea27') in 0.0357042 seconds
Number of updated asset objects reloaded before import = 0Number of asset objects unloaded after import = 199

========================================================================
Received Import Request.
  Time since last request: 0.000090 seconds.
  path: Assets/Assets/Resources/tile chunk.prefab
  artifactKey: Guid(988297465e54ca442996f357190fd441) Importer(815301076,1909f56bfc062723c751e8b465ee728b)
Start importing Assets/Assets/Resources/tile chunk.prefab using Guid(988297465e54ca442996f357190fd441) Importer(815301076,1909f56bfc062723c751e8b465ee728b) (PreviewImporter) -> (artifact id: '9f6d6b6e386309a2e30be8603460d822') in 0.0655416 seconds
Number of updated asset objects reloaded before import = 0Number of asset objects unloaded after import = 1799

========================================================================
Received Prepare
Begin MonoManager ReloadAssembly
- Loaded All Assemblies, in  0.729 seconds
Refreshing native plugins compatible for Editor in 1.46 ms, found 3 plugins.
Native extension for WindowsStandalone target not found
Mono: successfully reloaded assembly
- Finished resetting the current domain, in  0.670 seconds
Domain Reload Profiling: 1396ms
	BeginReloadAssembly (218ms)
		ExecutionOrderSort (0ms)
		DisableScriptedObjects (20ms)
		BackupInstance (0ms)
		ReleaseScriptingObjects (0ms)
		CreateAndSetChildDomain (60ms)
	RebuildCommonClasses (31ms)
	RebuildNativeTypeToScriptingClass (10ms)
	initialDomainReloadingComplete (30ms)
	LoadAllAssembliesAndSetupDomain (436ms)
		LoadAssemblies (358ms)
		RebuildTransferFunctionScriptingTraits (0ms)
		AnalyzeDomain (175ms)
			TypeCache.Refresh (8ms)
				TypeCache.ScanAssembly (0ms)
			BuildScriptInfoCaches (154ms)
			ResolveRequiredComponents (9ms)
	FinalizeReload (670ms)
		ReleaseScriptCaches (0ms)
		RebuildScriptCaches (0ms)
		SetupLoadedEditorAssemblies (496ms)
			LogAssemblyErrors (0ms)
			InitializePlatformSupportModulesInManaged (2ms)
			SetLoadedEditorAssemblies (5ms)
			BeforeProcessingInitializeOnLoad (96ms)
			ProcessInitializeOnLoadAttributes (343ms)
			ProcessInitializeOnLoadMethodAttributes (44ms)
			AfterProcessingInitializeOnLoad (6ms)
			EditorAssembliesLoaded (0ms)
		ExecutionOrderSort2 (0ms)
		AwakeInstancesAfterBackupRestoration (14ms)
Refreshing native plugins compatible for Editor in 1.51 ms, found 3 plugins.
Preloading 0 native plugins for Editor in 0.00 ms.
Unloading 13 Unused Serialized files (Serialized files now loaded: 0)
Unloading 5960 unused Assets / (3.8 MB). Loaded Objects now: 6734.
Memory consumption went from 160.0 MB to 156.3 MB.
Total: 7.061200 ms (FindLiveObjects: 0.660100 ms CreateObjectMapping: 0.288000 ms MarkObjects: 4.076000 ms  DeleteObjects: 2.036400 ms)

Prepare: number of updated asset objects reloaded= 0
========================================================================
Received Import Request.
  Time since last request: 29.898816 seconds.
  path: Assets/Assets/Resources/buildable tile.prefab
  artifactKey: Guid(755079f8ce9e7234a8e69bcb92964c6e) Importer(815301076,1909f56bfc062723c751e8b465ee728b)
Start importing Assets/Assets/Resources/buildable tile.prefab using Guid(755079f8ce9e7234a8e69bcb92964c6e) Importer(815301076,1909f56bfc062723c751e8b465ee728b) (PreviewImporter) -> (artifact id: 'cf45d60bb6c7f39c67706e2ef9bc510d') in 0.4630505 seconds
Number of updated asset objects reloaded before import = 0Number of asset objects unloaded after import = 192

========================================================================
Received Import Request.
  Time since last request: 0.000035 seconds.
  path: Assets/Assets/Resources/tile chunk.prefab
  artifactKey: Guid(988297465e54ca442996f357190fd441) Importer(815301076,1909f56bfc062723c751e8b465ee728b)
Start importing Assets/Assets/Resources/tile chunk.prefab using Guid(988297465e54ca442996f357190fd441) Importer(815301076,1909f56bfc062723c751e8b465ee728b) (PreviewImporter) -> (artifact id: 'f7e384dde3470387751212d088d45d29') in 0.0621614 seconds
Number of updated asset objects reloaded before import = 0Number of asset objects unloaded after import = 1792

========================================================================
Received Prepare
Begin MonoManager ReloadAssembly
- Loaded All Assemblies, in  0.721 seconds
Refreshing native plugins compatible for Editor in 1.53 ms, found 3 plugins.
Native extension for WindowsStandalone target not found
Mono: successfully reloaded assembly
- Finished resetting the current domain, in  0.679 seconds
Domain Reload Profiling: 1396ms
	BeginReloadAssembly (220ms)
		ExecutionOrderSort (0ms)
		DisableScriptedObjects (17ms)
		BackupInstance (0ms)
		ReleaseScriptingObjects (0ms)
		CreateAndSetChildDomain (58ms)
	RebuildCommonClasses (30ms)
	RebuildNativeTypeToScriptingClass (10ms)
	initialDomainReloadingComplete (29ms)
	LoadAllAssembliesAndSetupDomain (427ms)
		LoadAssemblies (359ms)
		RebuildTransferFunctionScriptingTraits (0ms)
		AnalyzeDomain (170ms)
			TypeCache.Refresh (8ms)
				TypeCache.ScanAssembly (0ms)
			BuildScriptInfoCaches (150ms)
			ResolveRequiredComponents (9ms)
	FinalizeReload (680ms)
		ReleaseScriptCaches (0ms)
		RebuildScriptCaches (0ms)
		SetupLoadedEditorAssemblies (506ms)
			LogAssemblyErrors (0ms)
			InitializePlatformSupportModulesInManaged (2ms)
			SetLoadedEditorAssemblies (5ms)
			BeforeProcessingInitializeOnLoad (102ms)
			ProcessInitializeOnLoadAttributes (341ms)
			ProcessInitializeOnLoadMethodAttributes (50ms)
			AfterProcessingInitializeOnLoad (6ms)
			EditorAssembliesLoaded (0ms)
		ExecutionOrderSort2 (0ms)
		AwakeInstancesAfterBackupRestoration (11ms)
Refreshing native plugins compatible for Editor in 1.83 ms, found 3 plugins.
Preloading 0 native plugins for Editor in 0.00 ms.
Unloading 13 Unused Serialized files (Serialized files now loaded: 0)
Unloading 5958 unused Assets / (4.3 MB). Loaded Objects now: 6756.
Memory consumption went from 164.2 MB to 159.9 MB.
Total: 10.297700 ms (FindLiveObjects: 0.809100 ms CreateObjectMapping: 0.971800 ms MarkObjects: 5.054500 ms  DeleteObjects: 3.461300 ms)

Prepare: number of updated asset objects reloaded= 0
========================================================================
Received Prepare
Begin MonoManager ReloadAssembly
- Loaded All Assemblies, in  0.707 seconds
Refreshing native plugins compatible for Editor in 1.39 ms, found 3 plugins.
Native extension for WindowsStandalone target not found
Mono: successfully reloaded assembly
- Finished resetting the current domain, in  0.650 seconds
Domain Reload Profiling: 1354ms
	BeginReloadAssembly (189ms)
		ExecutionOrderSort (0ms)
		DisableScriptedObjects (5ms)
		BackupInstance (0ms)
		ReleaseScriptingObjects (0ms)
		CreateAndSetChildDomain (47ms)
	RebuildCommonClasses (31ms)
	RebuildNativeTypeToScriptingClass (10ms)
	initialDomainReloadingComplete (30ms)
	LoadAllAssembliesAndSetupDomain (442ms)
		LoadAssemblies (364ms)
		RebuildTransferFunctionScriptingTraits (0ms)
		AnalyzeDomain (173ms)
			TypeCache.Refresh (8ms)
				TypeCache.ScanAssembly (0ms)
			BuildScriptInfoCaches (152ms)
			ResolveRequiredComponents (9ms)
	FinalizeReload (651ms)
		ReleaseScriptCaches (0ms)
		RebuildScriptCaches (0ms)
		SetupLoadedEditorAssemblies (481ms)
			LogAssemblyErrors (0ms)
			InitializePlatformSupportModulesInManaged (2ms)
			SetLoadedEditorAssemblies (5ms)
			BeforeProcessingInitializeOnLoad (101ms)
			ProcessInitializeOnLoadAttributes (324ms)
			ProcessInitializeOnLoadMethodAttributes (43ms)
			AfterProcessingInitializeOnLoad (6ms)
			EditorAssembliesLoaded (0ms)
		ExecutionOrderSort2 (0ms)
		AwakeInstancesAfterBackupRestoration (11ms)
Refreshing native plugins compatible for Editor in 1.47 ms, found 3 plugins.
Preloading 0 native plugins for Editor in 0.00 ms.
Unloading 13 Unused Serialized files (Serialized files now loaded: 0)
Unloading 5957 unused Assets / (4.1 MB). Loaded Objects now: 6758.
Memory consumption went from 164.0 MB to 159.9 MB.
Total: 7.597200 ms (FindLiveObjects: 0.691300 ms CreateObjectMapping: 0.416600 ms MarkObjects: 4.048400 ms  DeleteObjects: 2.439800 ms)

Prepare: number of updated asset objects reloaded= 0
========================================================================
Received Import Request.
  Time since last request: 354.053058 seconds.
  path: Assets/Assets/buildings/park tile.prefab
  artifactKey: Guid(5de5d7ebbd02a5d42bf593862aeb4d16) Importer(815301076,1909f56bfc062723c751e8b465ee728b)
Start importing Assets/Assets/buildings/park tile.prefab using Guid(5de5d7ebbd02a5d42bf593862aeb4d16) Importer(815301076,1909f56bfc062723c751e8b465ee728b) (PreviewImporter) -> (artifact id: '2c6ec7085ad32d0e6ea589d8f6ba1260') in 0.4493323 seconds
Number of updated asset objects reloaded before import = 0Number of asset objects unloaded after import = 44

========================================================================
Received Import Request.
  Time since last request: 33.014232 seconds.
  path: Assets/Assets/buildings/park tile 1.prefab
  artifactKey: Guid(6174c5db46e0ab242bf8e595dc0f2580) Importer(815301076,1909f56bfc062723c751e8b465ee728b)
Start importing Assets/Assets/buildings/park tile 1.prefab using Guid(6174c5db46e0ab242bf8e595dc0f2580) Importer(815301076,1909f56bfc062723c751e8b465ee728b) (PreviewImporter) -> (artifact id: 'a189dfbf2ef804e6f7f20dbf9774e9cc') in 0.0307716 seconds
Number of updated asset objects reloaded before import = 0Number of asset objects unloaded after import = 44

========================================================================
Received Import Request.
  Time since last request: 471.962753 seconds.
  path: Assets/Assets/buildings/park tile.prefab
  artifactKey: Guid(5de5d7ebbd02a5d42bf593862aeb4d16) Importer(815301076,1909f56bfc062723c751e8b465ee728b)
Start importing Assets/Assets/buildings/park tile.prefab using Guid(5de5d7ebbd02a5d42bf593862aeb4d16) Importer(815301076,1909f56bfc062723c751e8b465ee728b) (PreviewImporter) -> (artifact id: 'f34b8252c92b91916bb6161f9a4fc63f') in 0.0331045 seconds
Number of updated asset objects reloaded before import = 0Number of asset objects unloaded after import = 44

========================================================================
Received Import Request.
  Time since last request: 59.758994 seconds.
  path: Assets/Assets/buildings/park tile.prefab
  artifactKey: Guid(5de5d7ebbd02a5d42bf593862aeb4d16) Importer(815301076,1909f56bfc062723c751e8b465ee728b)
Start importing Assets/Assets/buildings/park tile.prefab using Guid(5de5d7ebbd02a5d42bf593862aeb4d16) Importer(815301076,1909f56bfc062723c751e8b465ee728b) (PreviewImporter) -> (artifact id: '500cc9a4784f008b383f6954cc1337fd') in 0.0332858 seconds
Number of updated asset objects reloaded before import = 0Number of asset objects unloaded after import = 44

========================================================================
Received Import Request.
  Time since last request: 3.957933 seconds.
  path: Assets/Assets/buildings/park tile.prefab
  artifactKey: Guid(5de5d7ebbd02a5d42bf593862aeb4d16) Importer(815301076,1909f56bfc062723c751e8b465ee728b)
Start importing Assets/Assets/buildings/park tile.prefab using Guid(5de5d7ebbd02a5d42bf593862aeb4d16) Importer(815301076,1909f56bfc062723c751e8b465ee728b) (PreviewImporter) -> (artifact id: 'd7cb3ccec4f23e58a5509cbc702a0660') in 0.0747132 seconds
Number of updated asset objects reloaded before import = 0Number of asset objects unloaded after import = 44

========================================================================
Received Import Request.
  Time since last request: 37.062342 seconds.
  path: Assets/Assets/buildings/park tile Variant.prefab
  artifactKey: Guid(c45f6d124ba52e445b2368f16c9fe51d) Importer(815301076,1909f56bfc062723c751e8b465ee728b)
Start importing Assets/Assets/buildings/park tile Variant.prefab using Guid(c45f6d124ba52e445b2368f16c9fe51d) Importer(815301076,1909f56bfc062723c751e8b465ee728b) (PreviewImporter) -> (artifact id: '5ae75a201c4afb83905e52423650cfcc') in 0.0281258 seconds
Number of updated asset objects reloaded before import = 0Number of asset objects unloaded after import = 50

========================================================================
Received Import Request.
  Time since last request: 81.128108 seconds.
  path: Assets/Assets/buildings/park tile.prefab
  artifactKey: Guid(d909c9debb064a54a8bb8f5ca6b41afa) Importer(815301076,1909f56bfc062723c751e8b465ee728b)
Start importing Assets/Assets/buildings/park tile.prefab using Guid(d909c9debb064a54a8bb8f5ca6b41afa) Importer(815301076,1909f56bfc062723c751e8b465ee728b) (PreviewImporter) -> (artifact id: 'dcfaec21456043f62b91862e2f8dae89') in 0.0218752 seconds
Number of updated asset objects reloaded before import = 0Number of asset objects unloaded after import = 44

========================================================================
Received Prepare
Begin MonoManager ReloadAssembly
- Loaded All Assemblies, in  0.731 seconds
Refreshing native plugins compatible for Editor in 1.44 ms, found 3 plugins.
Native extension for WindowsStandalone target not found
Mono: successfully reloaded assembly
- Finished resetting the current domain, in  0.649 seconds
Domain Reload Profiling: 1377ms
	BeginReloadAssembly (214ms)
		ExecutionOrderSort (0ms)
		DisableScriptedObjects (18ms)
		BackupInstance (0ms)
		ReleaseScriptingObjects (0ms)
		CreateAndSetChildDomain (61ms)
	RebuildCommonClasses (42ms)
	RebuildNativeTypeToScriptingClass (14ms)
	initialDomainReloadingComplete (28ms)
	LoadAllAssembliesAndSetupDomain (429ms)
		LoadAssemblies (350ms)
		RebuildTransferFunctionScriptingTraits (0ms)
		AnalyzeDomain (171ms)
			TypeCache.Refresh (6ms)
				TypeCache.ScanAssembly (0ms)
			BuildScriptInfoCaches (153ms)
			ResolveRequiredComponents (9ms)
	FinalizeReload (649ms)
		ReleaseScriptCaches (0ms)
		RebuildScriptCaches (0ms)
		SetupLoadedEditorAssemblies (488ms)
			LogAssemblyErrors (0ms)
			InitializePlatformSupportModulesInManaged (2ms)
			SetLoadedEditorAssemblies (5ms)
			BeforeProcessingInitializeOnLoad (99ms)
			ProcessInitializeOnLoadAttributes (330ms)
			ProcessInitializeOnLoadMethodAttributes (45ms)
			AfterProcessingInitializeOnLoad (6ms)
			EditorAssembliesLoaded (0ms)
		ExecutionOrderSort2 (0ms)
		AwakeInstancesAfterBackupRestoration (11ms)
Refreshing native plugins compatible for Editor in 1.52 ms, found 3 plugins.
Preloading 0 native plugins for Editor in 0.00 ms.
Unloading 13 Unused Serialized files (Serialized files now loaded: 0)
Unloading 5958 unused Assets / (4.2 MB). Loaded Objects now: 6780.
Memory consumption went from 168.3 MB to 164.1 MB.
Total: 9.278000 ms (FindLiveObjects: 0.735600 ms CreateObjectMapping: 0.827800 ms MarkObjects: 4.602500 ms  DeleteObjects: 3.111100 ms)

Prepare: number of updated asset objects reloaded= 0
========================================================================
Received Import Request.
  Time since last request: 770.599566 seconds.
  path: Assets/Assets/buildings/park tile.fbx
  artifactKey: Guid(2e57d5658d6e9ea4a802d686a4d01e29) Importer(815301076,1909f56bfc062723c751e8b465ee728b)
Start importing Assets/Assets/buildings/park tile.fbx using Guid(2e57d5658d6e9ea4a802d686a4d01e29) Importer(815301076,1909f56bfc062723c751e8b465ee728b) (PreviewImporter) -> (artifact id: '59b764af66c85de61a4fcc79fe69bae4') in 0.4775188 seconds
Number of updated asset objects reloaded before import = 0Number of asset objects unloaded after import = 13

========================================================================
Received Import Request.
  Time since last request: 6.931434 seconds.
  path: Assets/Assets/Resources/buildable tile.prefab
  artifactKey: Guid(755079f8ce9e7234a8e69bcb92964c6e) Importer(815301076,1909f56bfc062723c751e8b465ee728b)
Start importing Assets/Assets/Resources/buildable tile.prefab using Guid(755079f8ce9e7234a8e69bcb92964c6e) Importer(815301076,1909f56bfc062723c751e8b465ee728b) (PreviewImporter) -> (artifact id: '9cef91e0d369434741e958c67bb59947') in 0.0432624 seconds
Number of updated asset objects reloaded before import = 0Number of asset objects unloaded after import = 162

========================================================================
Received Import Request.
  Time since last request: 0.000027 seconds.
  path: Assets/Assets/Resources/tile chunk.prefab
  artifactKey: Guid(988297465e54ca442996f357190fd441) Importer(815301076,1909f56bfc062723c751e8b465ee728b)
Start importing Assets/Assets/Resources/tile chunk.prefab using Guid(988297465e54ca442996f357190fd441) Importer(815301076,1909f56bfc062723c751e8b465ee728b) (PreviewImporter) -> (artifact id: '98a4c1ac5d1001726836b18534a03008') in 0.0569516 seconds
Number of updated asset objects reloaded before import = 0Number of asset objects unloaded after import = 1762

========================================================================
Received Import Request.
  Time since last request: 0.000039 seconds.
  path: Assets/Assets/Resources/purchasable tile.prefab
  artifactKey: Guid(fe970d315aded9c439b668619cd017aa) Importer(815301076,1909f56bfc062723c751e8b465ee728b)
Start importing Assets/Assets/Resources/purchasable tile.prefab using Guid(fe970d315aded9c439b668619cd017aa) Importer(815301076,1909f56bfc062723c751e8b465ee728b) (PreviewImporter) -> (artifact id: 'f6384c0f0e75f70bdfeb854231ce2191') in 0.1528267 seconds
Number of updated asset objects reloaded before import = 0Number of asset objects unloaded after import = 3302

========================================================================
Received Import Request.
  Time since last request: 4.437754 seconds.
  path: Assets/Assets/Resources/buildable tile.prefab
  artifactKey: Guid(755079f8ce9e7234a8e69bcb92964c6e) Importer(815301076,1909f56bfc062723c751e8b465ee728b)
Start importing Assets/Assets/Resources/buildable tile.prefab using Guid(755079f8ce9e7234a8e69bcb92964c6e) Importer(815301076,1909f56bfc062723c751e8b465ee728b) (PreviewImporter) -> (artifact id: '287f927d65ffe0f108e9572e01228121') in 0.0636971 seconds
Number of updated asset objects reloaded before import = 0Number of asset objects unloaded after import = 162

========================================================================
Received Import Request.
  Time since last request: 0.000042 seconds.
  path: Assets/Assets/Resources/tile chunk.prefab
  artifactKey: Guid(988297465e54ca442996f357190fd441) Importer(815301076,1909f56bfc062723c751e8b465ee728b)
Start importing Assets/Assets/Resources/tile chunk.prefab using Guid(988297465e54ca442996f357190fd441) Importer(815301076,1909f56bfc062723c751e8b465ee728b) (PreviewImporter) -> (artifact id: 'e25547dc55d0edfcf315af54c480d7f8') in 0.1095587 seconds
Number of updated asset objects reloaded before import = 0Number of asset objects unloaded after import = 1762

========================================================================
Received Prepare
Begin MonoManager ReloadAssembly
- Loaded All Assemblies, in  0.737 seconds
Refreshing native plugins compatible for Editor in 1.47 ms, found 3 plugins.
Native extension for WindowsStandalone target not found
Mono: successfully reloaded assembly
- Finished resetting the current domain, in  0.676 seconds
Domain Reload Profiling: 1411ms
	BeginReloadAssembly (214ms)
		ExecutionOrderSort (0ms)
		DisableScriptedObjects (17ms)
		BackupInstance (0ms)
		ReleaseScriptingObjects (0ms)
		CreateAndSetChildDomain (60ms)
	RebuildCommonClasses (31ms)
	RebuildNativeTypeToScriptingClass (10ms)
	initialDomainReloadingComplete (31ms)
	LoadAllAssembliesAndSetupDomain (448ms)
		LoadAssemblies (362ms)
		RebuildTransferFunctionScriptingTraits (0ms)
		AnalyzeDomain (182ms)
			TypeCache.Refresh (9ms)
				TypeCache.ScanAssembly (0ms)
			BuildScriptInfoCaches (160ms)
			ResolveRequiredComponents (9ms)
	FinalizeReload (677ms)
		ReleaseScriptCaches (0ms)
		RebuildScriptCaches (0ms)
		SetupLoadedEditorAssemblies (504ms)
			LogAssemblyErrors (0ms)
			InitializePlatformSupportModulesInManaged (2ms)
			SetLoadedEditorAssemblies (3ms)
			BeforeProcessingInitializeOnLoad (102ms)
			ProcessInitializeOnLoadAttributes (340ms)
			ProcessInitializeOnLoadMethodAttributes (50ms)
			AfterProcessingInitializeOnLoad (6ms)
			EditorAssembliesLoaded (0ms)
		ExecutionOrderSort2 (0ms)
		AwakeInstancesAfterBackupRestoration (11ms)
Refreshing native plugins compatible for Editor in 2.04 ms, found 3 plugins.
Preloading 0 native plugins for Editor in 0.00 ms.
Unloading 13 Unused Serialized files (Serialized files now loaded: 0)
Unloading 5960 unused Assets / (4.1 MB). Loaded Objects now: 6838.
Memory consumption went from 173.4 MB to 169.2 MB.
Total: 8.134500 ms (FindLiveObjects: 0.717600 ms CreateObjectMapping: 0.841300 ms MarkObjects: 4.102100 ms  DeleteObjects: 2.472400 ms)

Prepare: number of updated asset objects reloaded= 0
========================================================================
Received Import Request.
  Time since last request: 57.981994 seconds.
  path: Assets/Assets/Resources/buildable tile.prefab
  artifactKey: Guid(755079f8ce9e7234a8e69bcb92964c6e) Importer(815301076,1909f56bfc062723c751e8b465ee728b)
Start importing Assets/Assets/Resources/buildable tile.prefab using Guid(755079f8ce9e7234a8e69bcb92964c6e) Importer(815301076,1909f56bfc062723c751e8b465ee728b) (PreviewImporter) -> (artifact id: '41e591505e3eaa25e2ffbb47c3945477') in 0.4872013 seconds
Number of updated asset objects reloaded before import = 0Number of asset objects unloaded after import = 162

========================================================================
Received Import Request.
  Time since last request: 0.000038 seconds.
  path: Assets/Assets/Resources/tile chunk.prefab
  artifactKey: Guid(988297465e54ca442996f357190fd441) Importer(815301076,1909f56bfc062723c751e8b465ee728b)
Start importing Assets/Assets/Resources/tile chunk.prefab using Guid(988297465e54ca442996f357190fd441) Importer(815301076,1909f56bfc062723c751e8b465ee728b) (PreviewImporter) -> (artifact id: '2dd92856dd4d3accc7ed81e533333262') in 0.1758799 seconds
Number of updated asset objects reloaded before import = 0Number of asset objects unloaded after import = 1762

========================================================================
Received Prepare
Begin MonoManager ReloadAssembly
- Loaded All Assemblies, in  0.776 seconds
Refreshing native plugins compatible for Editor in 1.39 ms, found 3 plugins.
Native extension for WindowsStandalone target not found
Mono: successfully reloaded assembly
- Finished resetting the current domain, in  0.666 seconds
Domain Reload Profiling: 1437ms
	BeginReloadAssembly (232ms)
		ExecutionOrderSort (0ms)
		DisableScriptedObjects (18ms)
		BackupInstance (0ms)
		ReleaseScriptingObjects (0ms)
		CreateAndSetChildDomain (65ms)
	RebuildCommonClasses (31ms)
	RebuildNativeTypeToScriptingClass (10ms)
	initialDomainReloadingComplete (31ms)
	LoadAllAssembliesAndSetupDomain (467ms)
		LoadAssemblies (381ms)
		RebuildTransferFunctionScriptingTraits (0ms)
		AnalyzeDomain (193ms)
			TypeCache.Refresh (10ms)
				TypeCache.ScanAssembly (0ms)
			BuildScriptInfoCaches (171ms)
			ResolveRequiredComponents (9ms)
	FinalizeReload (667ms)
		ReleaseScriptCaches (0ms)
		RebuildScriptCaches (0ms)
		SetupLoadedEditorAssemblies (499ms)
			LogAssemblyErrors (0ms)
			InitializePlatformSupportModulesInManaged (2ms)
			SetLoadedEditorAssemblies (4ms)
			BeforeProcessingInitializeOnLoad (102ms)
			ProcessInitializeOnLoadAttributes (341ms)
			ProcessInitializeOnLoadMethodAttributes (44ms)
			AfterProcessingInitializeOnLoad (6ms)
			EditorAssembliesLoaded (0ms)
		ExecutionOrderSort2 (0ms)
		AwakeInstancesAfterBackupRestoration (11ms)
Refreshing native plugins compatible for Editor in 1.54 ms, found 3 plugins.
Preloading 0 native plugins for Editor in 0.00 ms.
Unloading 13 Unused Serialized files (Serialized files now loaded: 0)
Unloading 5958 unused Assets / (3.9 MB). Loaded Objects now: 6860.
Memory consumption went from 177.5 MB to 173.6 MB.
Total: 7.380600 ms (FindLiveObjects: 0.693800 ms CreateObjectMapping: 0.349400 ms MarkObjects: 4.076200 ms  DeleteObjects: 2.260100 ms)

Prepare: number of updated asset objects reloaded= 0
========================================================================
Received Import Request.
  Time since last request: 23.846761 seconds.
  path: Assets/Assets/Resources/buildable tile.prefab
  artifactKey: Guid(755079f8ce9e7234a8e69bcb92964c6e) Importer(815301076,1909f56bfc062723c751e8b465ee728b)
Start importing Assets/Assets/Resources/buildable tile.prefab using Guid(755079f8ce9e7234a8e69bcb92964c6e) Importer(815301076,1909f56bfc062723c751e8b465ee728b) (PreviewImporter) -> (artifact id: 'c62eae2a2f4bd7673d8967446429c604') in 0.4593339 seconds
Number of updated asset objects reloaded before import = 0Number of asset objects unloaded after import = 162

========================================================================
Received Import Request.
  Time since last request: 0.000047 seconds.
  path: Assets/Assets/Resources/tile chunk.prefab
  artifactKey: Guid(988297465e54ca442996f357190fd441) Importer(815301076,1909f56bfc062723c751e8b465ee728b)
Start importing Assets/Assets/Resources/tile chunk.prefab using Guid(988297465e54ca442996f357190fd441) Importer(815301076,1909f56bfc062723c751e8b465ee728b) (PreviewImporter) -> (artifact id: '002175a0aacb1308dd4f3f47f3526143') in 0.0624824 seconds
Number of updated asset objects reloaded before import = 0Number of asset objects unloaded after import = 1762

========================================================================
Received Prepare
Begin MonoManager ReloadAssembly
- Loaded All Assemblies, in  0.747 seconds
Refreshing native plugins compatible for Editor in 1.60 ms, found 3 plugins.
Native extension for WindowsStandalone target not found
Mono: successfully reloaded assembly
- Finished resetting the current domain, in  0.674 seconds
Domain Reload Profiling: 1418ms
	BeginReloadAssembly (222ms)
		ExecutionOrderSort (0ms)
		DisableScriptedObjects (19ms)
		BackupInstance (0ms)
		ReleaseScriptingObjects (0ms)
		CreateAndSetChildDomain (61ms)
	RebuildCommonClasses (31ms)
	RebuildNativeTypeToScriptingClass (10ms)
	initialDomainReloadingComplete (28ms)
	LoadAllAssembliesAndSetupDomain (453ms)
		LoadAssemblies (367ms)
		RebuildTransferFunctionScriptingTraits (0ms)
		AnalyzeDomain (186ms)
			TypeCache.Refresh (8ms)
				TypeCache.ScanAssembly (0ms)
			BuildScriptInfoCaches (165ms)
			ResolveRequiredComponents (9ms)
	FinalizeReload (674ms)
		ReleaseScriptCaches (0ms)
		RebuildScriptCaches (0ms)
		SetupLoadedEditorAssemblies (504ms)
			LogAssemblyErrors (0ms)
			InitializePlatformSupportModulesInManaged (2ms)
			SetLoadedEditorAssemblies (3ms)
			BeforeProcessingInitializeOnLoad (103ms)
			ProcessInitializeOnLoadAttributes (344ms)
			ProcessInitializeOnLoadMethodAttributes (46ms)
			AfterProcessingInitializeOnLoad (6ms)
			EditorAssembliesLoaded (0ms)
		ExecutionOrderSort2 (0ms)
		AwakeInstancesAfterBackupRestoration (12ms)
Refreshing native plugins compatible for Editor in 1.74 ms, found 3 plugins.
Preloading 0 native plugins for Editor in 0.00 ms.
Unloading 13 Unused Serialized files (Serialized files now loaded: 0)
Unloading 5958 unused Assets / (4.3 MB). Loaded Objects now: 6882.
Memory consumption went from 181.7 MB to 177.3 MB.
Total: 11.115100 ms (FindLiveObjects: 0.813300 ms CreateObjectMapping: 0.983700 ms MarkObjects: 5.772500 ms  DeleteObjects: 3.544000 ms)

Prepare: number of updated asset objects reloaded= 0
========================================================================
Received Import Request.
  Time since last request: 77.181384 seconds.
  path: Assets/Assets/Resources/buildable tile.prefab
  artifactKey: Guid(755079f8ce9e7234a8e69bcb92964c6e) Importer(815301076,1909f56bfc062723c751e8b465ee728b)
Start importing Assets/Assets/Resources/buildable tile.prefab using Guid(755079f8ce9e7234a8e69bcb92964c6e) Importer(815301076,1909f56bfc062723c751e8b465ee728b) (PreviewImporter) -> (artifact id: '3fd3d6d47a6a39692f855db925e5d3ee') in 0.0606848 seconds
Number of updated asset objects reloaded before import = 0Number of asset objects unloaded after import = 72

========================================================================
Received Import Request.
  Time since last request: 0.000067 seconds.
  path: Assets/Assets/Resources/tile chunk.prefab
  artifactKey: Guid(988297465e54ca442996f357190fd441) Importer(815301076,1909f56bfc062723c751e8b465ee728b)
Start importing Assets/Assets/Resources/tile chunk.prefab using Guid(988297465e54ca442996f357190fd441) Importer(815301076,1909f56bfc062723c751e8b465ee728b) (PreviewImporter) -> (artifact id: '9ed2d80d84afa78d787235eef11f9587') in 0.4307358 seconds
Number of updated asset objects reloaded before import = 0Number of asset objects unloaded after import = 1762

========================================================================
Received Import Request.
  Time since last request: 15.794901 seconds.
  path: Assets/Assets/Resources/buildable tile.prefab
  artifactKey: Guid(755079f8ce9e7234a8e69bcb92964c6e) Importer(815301076,1909f56bfc062723c751e8b465ee728b)
Start importing Assets/Assets/Resources/buildable tile.prefab using Guid(755079f8ce9e7234a8e69bcb92964c6e) Importer(815301076,1909f56bfc062723c751e8b465ee728b) (PreviewImporter) -> (artifact id: 'c4df7a476692815a99a6c1c0bff86b54') in 0.0176003 seconds
Number of updated asset objects reloaded before import = 0Number of asset objects unloaded after import = 67

========================================================================
Received Import Request.
  Time since last request: 0.000081 seconds.
  path: Assets/Assets/Resources/tile chunk.prefab
  artifactKey: Guid(988297465e54ca442996f357190fd441) Importer(815301076,1909f56bfc062723c751e8b465ee728b)
Start importing Assets/Assets/Resources/tile chunk.prefab using Guid(988297465e54ca442996f357190fd441) Importer(815301076,1909f56bfc062723c751e8b465ee728b) (PreviewImporter) -> (artifact id: 'da87da302e37051792095e925d826077') in 0.0712366 seconds
Number of updated asset objects reloaded before import = 0Number of asset objects unloaded after import = 1673

========================================================================
Received Prepare
Begin MonoManager ReloadAssembly
- Loaded All Assemblies, in  0.736 seconds
Refreshing native plugins compatible for Editor in 1.70 ms, found 3 plugins.
Native extension for WindowsStandalone target not found
Mono: successfully reloaded assembly
- Finished resetting the current domain, in  0.664 seconds
Domain Reload Profiling: 1396ms
	BeginReloadAssembly (213ms)
		ExecutionOrderSort (0ms)
		DisableScriptedObjects (18ms)
		BackupInstance (0ms)
		ReleaseScriptingObjects (0ms)
		CreateAndSetChildDomain (56ms)
	RebuildCommonClasses (31ms)
	RebuildNativeTypeToScriptingClass (11ms)
	initialDomainReloadingComplete (30ms)
	LoadAllAssembliesAndSetupDomain (446ms)
		LoadAssemblies (372ms)
		RebuildTransferFunctionScriptingTraits (0ms)
		AnalyzeDomain (170ms)
			TypeCache.Refresh (8ms)
				TypeCache.ScanAssembly (0ms)
			BuildScriptInfoCaches (150ms)
			ResolveRequiredComponents (9ms)
	FinalizeReload (664ms)
		ReleaseScriptCaches (0ms)
		RebuildScriptCaches (0ms)
		SetupLoadedEditorAssemblies (488ms)
			LogAssemblyErrors (0ms)
			InitializePlatformSupportModulesInManaged (2ms)
			SetLoadedEditorAssemblies (3ms)
			BeforeProcessingInitializeOnLoad (98ms)
			ProcessInitializeOnLoadAttributes (335ms)
			ProcessInitializeOnLoadMethodAttributes (44ms)
			AfterProcessingInitializeOnLoad (6ms)
			EditorAssembliesLoaded (0ms)
		ExecutionOrderSort2 (0ms)
		AwakeInstancesAfterBackupRestoration (11ms)
Refreshing native plugins compatible for Editor in 1.60 ms, found 3 plugins.
Preloading 0 native plugins for Editor in 0.00 ms.
Unloading 13 Unused Serialized files (Serialized files now loaded: 0)
Unloading 5958 unused Assets / (3.9 MB). Loaded Objects now: 6904.
Memory consumption went from 185.8 MB to 181.9 MB.
Total: 7.121800 ms (FindLiveObjects: 0.695000 ms CreateObjectMapping: 0.343700 ms MarkObjects: 4.048800 ms  DeleteObjects: 2.033200 ms)

Prepare: number of updated asset objects reloaded= 0
========================================================================
Received Prepare
Begin MonoManager ReloadAssembly
- Loaded All Assemblies, in  0.710 seconds
Refreshing native plugins compatible for Editor in 1.46 ms, found 3 plugins.
Native extension for WindowsStandalone target not found
Mono: successfully reloaded assembly
- Finished resetting the current domain, in  0.669 seconds
Domain Reload Profiling: 1375ms
	BeginReloadAssembly (191ms)
		ExecutionOrderSort (0ms)
		DisableScriptedObjects (6ms)
		BackupInstance (0ms)
		ReleaseScriptingObjects (0ms)
		CreateAndSetChildDomain (46ms)
	RebuildCommonClasses (31ms)
	RebuildNativeTypeToScriptingClass (10ms)
	initialDomainReloadingComplete (28ms)
	LoadAllAssembliesAndSetupDomain (444ms)
		LoadAssemblies (359ms)
		RebuildTransferFunctionScriptingTraits (0ms)
		AnalyzeDomain (182ms)
			TypeCache.Refresh (7ms)
				TypeCache.ScanAssembly (0ms)
			BuildScriptInfoCaches (163ms)
			ResolveRequiredComponents (9ms)
	FinalizeReload (669ms)
		ReleaseScriptCaches (0ms)
		RebuildScriptCaches (0ms)
		SetupLoadedEditorAssemblies (499ms)
			LogAssemblyErrors (0ms)
			InitializePlatformSupportModulesInManaged (2ms)
			SetLoadedEditorAssemblies (4ms)
			BeforeProcessingInitializeOnLoad (100ms)
			ProcessInitializeOnLoadAttributes (344ms)
			ProcessInitializeOnLoadMethodAttributes (44ms)
			AfterProcessingInitializeOnLoad (5ms)
			EditorAssembliesLoaded (0ms)
		ExecutionOrderSort2 (0ms)
		AwakeInstancesAfterBackupRestoration (11ms)
Refreshing native plugins compatible for Editor in 1.52 ms, found 3 plugins.
Preloading 0 native plugins for Editor in 0.00 ms.
Unloading 13 Unused Serialized files (Serialized files now loaded: 0)
Unloading 5957 unused Assets / (4.1 MB). Loaded Objects now: 6906.
Memory consumption went from 185.7 MB to 181.5 MB.
Total: 8.652700 ms (FindLiveObjects: 0.847700 ms CreateObjectMapping: 0.670300 ms MarkObjects: 4.728300 ms  DeleteObjects: 2.405400 ms)

Prepare: number of updated asset objects reloaded= 0
========================================================================
Received Prepare
Begin MonoManager ReloadAssembly
- Loaded All Assemblies, in  0.719 seconds
Refreshing native plugins compatible for Editor in 1.53 ms, found 3 plugins.
Native extension for WindowsStandalone target not found
Mono: successfully reloaded assembly
- Finished resetting the current domain, in  0.661 seconds
Domain Reload Profiling: 1374ms
	BeginReloadAssembly (197ms)
		ExecutionOrderSort (0ms)
		DisableScriptedObjects (6ms)
		BackupInstance (0ms)
		ReleaseScriptingObjects (0ms)
		CreateAndSetChildDomain (51ms)
	RebuildCommonClasses (33ms)
	RebuildNativeTypeToScriptingClass (11ms)
	initialDomainReloadingComplete (29ms)
	LoadAllAssembliesAndSetupDomain (443ms)
		LoadAssemblies (360ms)
		RebuildTransferFunctionScriptingTraits (0ms)
		AnalyzeDomain (181ms)
			TypeCache.Refresh (6ms)
				TypeCache.ScanAssembly (0ms)
			BuildScriptInfoCaches (163ms)
			ResolveRequiredComponents (9ms)
	FinalizeReload (661ms)
		ReleaseScriptCaches (0ms)
		RebuildScriptCaches (0ms)
		SetupLoadedEditorAssemblies (491ms)
			LogAssemblyErrors (0ms)
			InitializePlatformSupportModulesInManaged (2ms)
			SetLoadedEditorAssemblies (4ms)
			BeforeProcessingInitializeOnLoad (98ms)
			ProcessInitializeOnLoadAttributes (337ms)
			ProcessInitializeOnLoadMethodAttributes (44ms)
			AfterProcessingInitializeOnLoad (6ms)
			EditorAssembliesLoaded (0ms)
		ExecutionOrderSort2 (0ms)
		AwakeInstancesAfterBackupRestoration (12ms)
Refreshing native plugins compatible for Editor in 2.04 ms, found 3 plugins.
Preloading 0 native plugins for Editor in 0.00 ms.
Unloading 13 Unused Serialized files (Serialized files now loaded: 0)
Unloading 5957 unused Assets / (4.7 MB). Loaded Objects now: 6908.
Memory consumption went from 185.7 MB to 181.0 MB.
Total: 12.289700 ms (FindLiveObjects: 1.148200 ms CreateObjectMapping: 0.845400 ms MarkObjects: 6.839900 ms  DeleteObjects: 3.453900 ms)

Prepare: number of updated asset objects reloaded= 0
========================================================================
Received Prepare
Begin MonoManager ReloadAssembly
- Loaded All Assemblies, in  0.725 seconds
Refreshing native plugins compatible for Editor in 1.43 ms, found 3 plugins.
Native extension for WindowsStandalone target not found
Mono: successfully reloaded assembly
- Finished resetting the current domain, in  0.665 seconds
Domain Reload Profiling: 1386ms
	BeginReloadAssembly (203ms)
		ExecutionOrderSort (0ms)
		DisableScriptedObjects (6ms)
		BackupInstance (0ms)
		ReleaseScriptingObjects (0ms)
		CreateAndSetChildDomain (46ms)
	RebuildCommonClasses (30ms)
	RebuildNativeTypeToScriptingClass (10ms)
	initialDomainReloadingComplete (29ms)
	LoadAllAssembliesAndSetupDomain (449ms)
		LoadAssemblies (374ms)
		RebuildTransferFunctionScriptingTraits (0ms)
		AnalyzeDomain (179ms)
			TypeCache.Refresh (9ms)
				TypeCache.ScanAssembly (0ms)
			BuildScriptInfoCaches (158ms)
			ResolveRequiredComponents (9ms)
	FinalizeReload (665ms)
		ReleaseScriptCaches (0ms)
		RebuildScriptCaches (0ms)
		SetupLoadedEditorAssemblies (493ms)
			LogAssemblyErrors (0ms)
			InitializePlatformSupportModulesInManaged (3ms)
			SetLoadedEditorAssemblies (4ms)
			BeforeProcessingInitializeOnLoad (101ms)
			ProcessInitializeOnLoadAttributes (335ms)
			ProcessInitializeOnLoadMethodAttributes (44ms)
			AfterProcessingInitializeOnLoad (6ms)
			EditorAssembliesLoaded (0ms)
		ExecutionOrderSort2 (0ms)
		AwakeInstancesAfterBackupRestoration (11ms)
Refreshing native plugins compatible for Editor in 1.81 ms, found 3 plugins.
Preloading 0 native plugins for Editor in 0.00 ms.
Unloading 13 Unused Serialized files (Serialized files now loaded: 0)
Unloading 5957 unused Assets / (4.5 MB). Loaded Objects now: 6910.
Memory consumption went from 185.7 MB to 181.3 MB.
Total: 10.315600 ms (FindLiveObjects: 0.891600 ms CreateObjectMapping: 0.919700 ms MarkObjects: 5.139000 ms  DeleteObjects: 3.363800 ms)

Prepare: number of updated asset objects reloaded= 0
========================================================================
Received Prepare
Begin MonoManager ReloadAssembly
- Loaded All Assemblies, in  0.700 seconds
Refreshing native plugins compatible for Editor in 1.45 ms, found 3 plugins.
Native extension for WindowsStandalone target not found
Mono: successfully reloaded assembly
- Finished resetting the current domain, in  0.658 seconds
Domain Reload Profiling: 1355ms
	BeginReloadAssembly (190ms)
		ExecutionOrderSort (0ms)
		DisableScriptedObjects (6ms)
		BackupInstance (0ms)
		ReleaseScriptingObjects (0ms)
		CreateAndSetChildDomain (47ms)
	RebuildCommonClasses (31ms)
	RebuildNativeTypeToScriptingClass (11ms)
	initialDomainReloadingComplete (28ms)
	LoadAllAssembliesAndSetupDomain (436ms)
		LoadAssemblies (353ms)
		RebuildTransferFunctionScriptingTraits (0ms)
		AnalyzeDomain (177ms)
			TypeCache.Refresh (6ms)
				TypeCache.ScanAssembly (0ms)
			BuildScriptInfoCaches (157ms)
			ResolveRequiredComponents (10ms)
	FinalizeReload (659ms)
		ReleaseScriptCaches (0ms)
		RebuildScriptCaches (0ms)
		SetupLoadedEditorAssemblies (496ms)
			LogAssemblyErrors (0ms)
			InitializePlatformSupportModulesInManaged (2ms)
			SetLoadedEditorAssemblies (4ms)
			BeforeProcessingInitializeOnLoad (95ms)
			ProcessInitializeOnLoadAttributes (338ms)
			ProcessInitializeOnLoadMethodAttributes (51ms)
			AfterProcessingInitializeOnLoad (6ms)
			EditorAssembliesLoaded (0ms)
		ExecutionOrderSort2 (0ms)
		AwakeInstancesAfterBackupRestoration (12ms)
Refreshing native plugins compatible for Editor in 1.60 ms, found 3 plugins.
Preloading 0 native plugins for Editor in 0.00 ms.
Unloading 13 Unused Serialized files (Serialized files now loaded: 0)
Unloading 5957 unused Assets / (4.3 MB). Loaded Objects now: 6912.
Memory consumption went from 185.7 MB to 181.4 MB.
Total: 10.450400 ms (FindLiveObjects: 0.820600 ms CreateObjectMapping: 0.596100 ms MarkObjects: 5.979000 ms  DeleteObjects: 3.053000 ms)

Prepare: number of updated asset objects reloaded= 0
========================================================================
Received Import Request.
  Time since last request: 263.360241 seconds.
  path: Assets/Assets/Resources/buildable tile.prefab
  artifactKey: Guid(755079f8ce9e7234a8e69bcb92964c6e) Importer(815301076,1909f56bfc062723c751e8b465ee728b)
Start importing Assets/Assets/Resources/buildable tile.prefab using Guid(755079f8ce9e7234a8e69bcb92964c6e) Importer(815301076,1909f56bfc062723c751e8b465ee728b) (PreviewImporter) -> (artifact id: 'ceaa025c98704b77b96ffff4278f74ae') in 0.484812 seconds
Number of updated asset objects reloaded before import = 0Number of asset objects unloaded after import = 169

========================================================================
Received Import Request.
  Time since last request: 0.000040 seconds.
  path: Assets/Assets/Resources/tile chunk.prefab
  artifactKey: Guid(988297465e54ca442996f357190fd441) Importer(815301076,1909f56bfc062723c751e8b465ee728b)
Start importing Assets/Assets/Resources/tile chunk.prefab using Guid(988297465e54ca442996f357190fd441) Importer(815301076,1909f56bfc062723c751e8b465ee728b) (PreviewImporter) -> (artifact id: 'c803599210af4d85727a4d7b028cf694') in 0.0610561 seconds
Number of updated asset objects reloaded before import = 0Number of asset objects unloaded after import = 1753

========================================================================
Received Import Request.
  Time since last request: 15.536705 seconds.
  path: Assets/Assets/Resources/buildable tile.prefab
  artifactKey: Guid(755079f8ce9e7234a8e69bcb92964c6e) Importer(815301076,1909f56bfc062723c751e8b465ee728b)
Start importing Assets/Assets/Resources/buildable tile.prefab using Guid(755079f8ce9e7234a8e69bcb92964c6e) Importer(815301076,1909f56bfc062723c751e8b465ee728b) (PreviewImporter) -> (artifact id: 'b526f9ef5a77a44788e7930aa0c537c0') in 0.0361899 seconds
Number of updated asset objects reloaded before import = 0Number of asset objects unloaded after import = 169

========================================================================
Received Import Request.
  Time since last request: 0.000069 seconds.
  path: Assets/Assets/Resources/tile chunk.prefab
  artifactKey: Guid(988297465e54ca442996f357190fd441) Importer(815301076,1909f56bfc062723c751e8b465ee728b)
Start importing Assets/Assets/Resources/tile chunk.prefab using Guid(988297465e54ca442996f357190fd441) Importer(815301076,1909f56bfc062723c751e8b465ee728b) (PreviewImporter) -> (artifact id: '31a079fa54e53b79baa2d487e9a00253') in 0.14382 seconds
Number of updated asset objects reloaded before import = 0Number of asset objects unloaded after import = 1753

========================================================================
Received Import Request.
  Time since last request: 31.399092 seconds.
  path: Assets/Assets/Resources/buildable tile.prefab
  artifactKey: Guid(755079f8ce9e7234a8e69bcb92964c6e) Importer(815301076,1909f56bfc062723c751e8b465ee728b)
Start importing Assets/Assets/Resources/buildable tile.prefab using Guid(755079f8ce9e7234a8e69bcb92964c6e) Importer(815301076,1909f56bfc062723c751e8b465ee728b) (PreviewImporter) -> (artifact id: 'd0429b1acccffc431da64ad3e9b61641') in 0.0991997 seconds
Number of updated asset objects reloaded before import = 0Number of asset objects unloaded after import = 175

========================================================================
Received Import Request.
  Time since last request: 0.000032 seconds.
  path: Assets/Assets/Resources/tile chunk.prefab
  artifactKey: Guid(988297465e54ca442996f357190fd441) Importer(815301076,1909f56bfc062723c751e8b465ee728b)
Start importing Assets/Assets/Resources/tile chunk.prefab using Guid(988297465e54ca442996f357190fd441) Importer(815301076,1909f56bfc062723c751e8b465ee728b) (PreviewImporter) -> (artifact id: '6468b550a40c59f37ff5313cc4dcfc1c') in 0.0784631 seconds
Number of updated asset objects reloaded before import = 0Number of asset objects unloaded after import = 1759

========================================================================
Received Prepare
Begin MonoManager ReloadAssembly
- Loaded All Assemblies, in  0.822 seconds
Refreshing native plugins compatible for Editor in 1.44 ms, found 3 plugins.
Native extension for WindowsStandalone target not found
Mono: successfully reloaded assembly
- Finished resetting the current domain, in  0.679 seconds
Domain Reload Profiling: 1499ms
	BeginReloadAssembly (267ms)
		ExecutionOrderSort (0ms)
		DisableScriptedObjects (28ms)
		BackupInstance (0ms)
		ReleaseScriptingObjects (0ms)
		CreateAndSetChildDomain (75ms)
	RebuildCommonClasses (34ms)
	RebuildNativeTypeToScriptingClass (10ms)
	initialDomainReloadingComplete (27ms)
	LoadAllAssembliesAndSetupDomain (481ms)
		LoadAssemblies (415ms)
		RebuildTransferFunctionScriptingTraits (0ms)
		AnalyzeDomain (180ms)
			TypeCache.Refresh (7ms)
				TypeCache.ScanAssembly (0ms)
			BuildScriptInfoCaches (161ms)
			ResolveRequiredComponents (9ms)
	FinalizeReload (680ms)
		ReleaseScriptCaches (0ms)
		RebuildScriptCaches (0ms)
		SetupLoadedEditorAssemblies (508ms)
			LogAssemblyErrors (0ms)
			InitializePlatformSupportModulesInManaged (2ms)
			SetLoadedEditorAssemblies (5ms)
			BeforeProcessingInitializeOnLoad (103ms)
			ProcessInitializeOnLoadAttributes (348ms)
			ProcessInitializeOnLoadMethodAttributes (44ms)
			AfterProcessingInitializeOnLoad (6ms)
			EditorAssembliesLoaded (0ms)
		ExecutionOrderSort2 (0ms)
		AwakeInstancesAfterBackupRestoration (11ms)
Refreshing native plugins compatible for Editor in 1.55 ms, found 3 plugins.
Preloading 0 native plugins for Editor in 0.00 ms.
Unloading 13 Unused Serialized files (Serialized files now loaded: 0)
Unloading 5958 unused Assets / (3.9 MB). Loaded Objects now: 6934.
Memory consumption went from 190.0 MB to 186.2 MB.
Total: 7.556900 ms (FindLiveObjects: 0.720600 ms CreateObjectMapping: 0.389900 ms MarkObjects: 4.171900 ms  DeleteObjects: 2.273700 ms)

Prepare: number of updated asset objects reloaded= 0
========================================================================
Received Import Request.
  Time since last request: 23.666625 seconds.
  path: Assets/Assets/Resources/buildable tile.prefab
  artifactKey: Guid(755079f8ce9e7234a8e69bcb92964c6e) Importer(815301076,1909f56bfc062723c751e8b465ee728b)
Start importing Assets/Assets/Resources/buildable tile.prefab using Guid(755079f8ce9e7234a8e69bcb92964c6e) Importer(815301076,1909f56bfc062723c751e8b465ee728b) (PreviewImporter) -> (artifact id: '0b8174aae6611092f320ad4598c088de') in 0.4648778 seconds
Number of updated asset objects reloaded before import = 0Number of asset objects unloaded after import = 175

========================================================================
Received Import Request.
  Time since last request: 0.000034 seconds.
  path: Assets/Assets/Resources/tile chunk.prefab
  artifactKey: Guid(988297465e54ca442996f357190fd441) Importer(815301076,1909f56bfc062723c751e8b465ee728b)
Start importing Assets/Assets/Resources/tile chunk.prefab using Guid(988297465e54ca442996f357190fd441) Importer(815301076,1909f56bfc062723c751e8b465ee728b) (PreviewImporter) -> (artifact id: 'c0bb6f27be3d0225fda54d2d1dab5d4a') in 0.0598007 seconds
Number of updated asset objects reloaded before import = 0Number of asset objects unloaded after import = 1759

========================================================================
Received Prepare
Begin MonoManager ReloadAssembly
- Loaded All Assemblies, in  0.739 seconds
Refreshing native plugins compatible for Editor in 1.64 ms, found 3 plugins.
Native extension for WindowsStandalone target not found
Mono: successfully reloaded assembly
- Finished resetting the current domain, in  0.664 seconds
Domain Reload Profiling: 1401ms
	BeginReloadAssembly (219ms)
		ExecutionOrderSort (0ms)
		DisableScriptedObjects (22ms)
		BackupInstance (0ms)
		ReleaseScriptingObjects (0ms)
		CreateAndSetChildDomain (58ms)
	RebuildCommonClasses (32ms)
	RebuildNativeTypeToScriptingClass (10ms)
	initialDomainReloadingComplete (29ms)
	LoadAllAssembliesAndSetupDomain (446ms)
		LoadAssemblies (364ms)
		RebuildTransferFunctionScriptingTraits (0ms)
		AnalyzeDomain (179ms)
			TypeCache.Refresh (9ms)
				TypeCache.ScanAssembly (0ms)
			BuildScriptInfoCaches (158ms)
			ResolveRequiredComponents (9ms)
	FinalizeReload (665ms)
		ReleaseScriptCaches (0ms)
		RebuildScriptCaches (0ms)
		SetupLoadedEditorAssemblies (495ms)
			LogAssemblyErrors (0ms)
			InitializePlatformSupportModulesInManaged (2ms)
			SetLoadedEditorAssemblies (4ms)
			BeforeProcessingInitializeOnLoad (98ms)
			ProcessInitializeOnLoadAttributes (338ms)
			ProcessInitializeOnLoadMethodAttributes (46ms)
			AfterProcessingInitializeOnLoad (6ms)
			EditorAssembliesLoaded (0ms)
		ExecutionOrderSort2 (0ms)
		AwakeInstancesAfterBackupRestoration (12ms)
Refreshing native plugins compatible for Editor in 1.55 ms, found 3 plugins.
Preloading 0 native plugins for Editor in 0.00 ms.
Unloading 13 Unused Serialized files (Serialized files now loaded: 0)
Unloading 5958 unused Assets / (3.9 MB). Loaded Objects now: 6956.
Memory consumption went from 194.1 MB to 190.2 MB.
Total: 8.728300 ms (FindLiveObjects: 0.718600 ms CreateObjectMapping: 0.949100 ms MarkObjects: 4.719400 ms  DeleteObjects: 2.340300 ms)

Prepare: number of updated asset objects reloaded= 0
========================================================================
Received Prepare
Begin MonoManager ReloadAssembly
- Loaded All Assemblies, in  0.715 seconds
Refreshing native plugins compatible for Editor in 1.43 ms, found 3 plugins.
Native extension for WindowsStandalone target not found
Mono: successfully reloaded assembly
- Finished resetting the current domain, in  0.709 seconds
Domain Reload Profiling: 1421ms
	BeginReloadAssembly (201ms)
		ExecutionOrderSort (0ms)
		DisableScriptedObjects (6ms)
		BackupInstance (0ms)
		ReleaseScriptingObjects (0ms)
		CreateAndSetChildDomain (52ms)
	RebuildCommonClasses (30ms)
	RebuildNativeTypeToScriptingClass (10ms)
	initialDomainReloadingComplete (29ms)
	LoadAllAssembliesAndSetupDomain (441ms)
		LoadAssemblies (362ms)
		RebuildTransferFunctionScriptingTraits (0ms)
		AnalyzeDomain (174ms)
			TypeCache.Refresh (11ms)
				TypeCache.ScanAssembly (1ms)
			BuildScriptInfoCaches (150ms)
			ResolveRequiredComponents (9ms)
	FinalizeReload (710ms)
		ReleaseScriptCaches (0ms)
		RebuildScriptCaches (0ms)
		SetupLoadedEditorAssemblies (540ms)
			LogAssemblyErrors (0ms)
			InitializePlatformSupportModulesInManaged (2ms)
			SetLoadedEditorAssemblies (5ms)
			BeforeProcessingInitializeOnLoad (114ms)
			ProcessInitializeOnLoadAttributes (368ms)
			ProcessInitializeOnLoadMethodAttributes (44ms)
			AfterProcessingInitializeOnLoad (6ms)
			EditorAssembliesLoaded (0ms)
		ExecutionOrderSort2 (0ms)
		AwakeInstancesAfterBackupRestoration (12ms)
Refreshing native plugins compatible for Editor in 1.60 ms, found 3 plugins.
Preloading 0 native plugins for Editor in 0.00 ms.
Unloading 13 Unused Serialized files (Serialized files now loaded: 0)
Unloading 5957 unused Assets / (3.8 MB). Loaded Objects now: 6958.
Memory consumption went from 194.0 MB to 190.2 MB.
Total: 7.161400 ms (FindLiveObjects: 0.688600 ms CreateObjectMapping: 0.350400 ms MarkObjects: 4.005100 ms  DeleteObjects: 2.116400 ms)

Prepare: number of updated asset objects reloaded= 0
========================================================================
Received Prepare
Begin MonoManager ReloadAssembly
- Loaded All Assemblies, in  0.738 seconds
Refreshing native plugins compatible for Editor in 1.59 ms, found 3 plugins.
Native extension for WindowsStandalone target not found
Mono: successfully reloaded assembly
- Finished resetting the current domain, in  0.660 seconds
Domain Reload Profiling: 1393ms
	BeginReloadAssembly (192ms)
		ExecutionOrderSort (0ms)
		DisableScriptedObjects (6ms)
		BackupInstance (0ms)
		ReleaseScriptingObjects (0ms)
		CreateAndSetChildDomain (46ms)
	RebuildCommonClasses (31ms)
	RebuildNativeTypeToScriptingClass (10ms)
	initialDomainReloadingComplete (31ms)
	LoadAllAssembliesAndSetupDomain (469ms)
		LoadAssemblies (375ms)
		RebuildTransferFunctionScriptingTraits (0ms)
		AnalyzeDomain (191ms)
			TypeCache.Refresh (8ms)
				TypeCache.ScanAssembly (0ms)
			BuildScriptInfoCaches (170ms)
			ResolveRequiredComponents (10ms)
	FinalizeReload (660ms)
		ReleaseScriptCaches (0ms)
		RebuildScriptCaches (0ms)
		SetupLoadedEditorAssemblies (493ms)
			LogAssemblyErrors (0ms)
			InitializePlatformSupportModulesInManaged (2ms)
			SetLoadedEditorAssemblies (5ms)
			BeforeProcessingInitializeOnLoad (101ms)
			ProcessInitializeOnLoadAttributes (335ms)
			ProcessInitializeOnLoadMethodAttributes (44ms)
			AfterProcessingInitializeOnLoad (6ms)
			EditorAssembliesLoaded (0ms)
		ExecutionOrderSort2 (0ms)
		AwakeInstancesAfterBackupRestoration (12ms)
Refreshing native plugins compatible for Editor in 1.89 ms, found 3 plugins.
Preloading 0 native plugins for Editor in 0.00 ms.
Unloading 13 Unused Serialized files (Serialized files now loaded: 0)
Unloading 5957 unused Assets / (4.4 MB). Loaded Objects now: 6960.
Memory consumption went from 194.0 MB to 189.5 MB.
Total: 11.615900 ms (FindLiveObjects: 1.216700 ms CreateObjectMapping: 1.455800 ms MarkObjects: 5.981700 ms  DeleteObjects: 2.959800 ms)

Prepare: number of updated asset objects reloaded= 0
========================================================================
Received Prepare
Begin MonoManager ReloadAssembly
- Loaded All Assemblies, in  0.876 seconds
Refreshing native plugins compatible for Editor in 1.78 ms, found 3 plugins.
Native extension for WindowsStandalone target not found
Mono: successfully reloaded assembly
- Finished resetting the current domain, in  0.664 seconds
Domain Reload Profiling: 1534ms
	BeginReloadAssembly (233ms)
		ExecutionOrderSort (0ms)
		DisableScriptedObjects (8ms)
		BackupInstance (0ms)
		ReleaseScriptingObjects (0ms)
		CreateAndSetChildDomain (53ms)
	RebuildCommonClasses (37ms)
	RebuildNativeTypeToScriptingClass (10ms)
	initialDomainReloadingComplete (32ms)
	LoadAllAssembliesAndSetupDomain (557ms)
		LoadAssemblies (457ms)
		RebuildTransferFunctionScriptingTraits (0ms)
		AnalyzeDomain (221ms)
			TypeCache.Refresh (12ms)
				TypeCache.ScanAssembly (1ms)
			BuildScriptInfoCaches (197ms)
			ResolveRequiredComponents (9ms)
	FinalizeReload (664ms)
		ReleaseScriptCaches (0ms)
		RebuildScriptCaches (0ms)
		SetupLoadedEditorAssemblies (485ms)
			LogAssemblyErrors (0ms)
			InitializePlatformSupportModulesInManaged (3ms)
			SetLoadedEditorAssemblies (4ms)
			BeforeProcessingInitializeOnLoad (110ms)
			ProcessInitializeOnLoadAttributes (318ms)
			ProcessInitializeOnLoadMethodAttributes (45ms)
			AfterProcessingInitializeOnLoad (6ms)
			EditorAssembliesLoaded (0ms)
		ExecutionOrderSort2 (0ms)
		AwakeInstancesAfterBackupRestoration (11ms)
Refreshing native plugins compatible for Editor in 1.61 ms, found 3 plugins.
Preloading 0 native plugins for Editor in 0.00 ms.
Unloading 13 Unused Serialized files (Serialized files now loaded: 0)
Unloading 5957 unused Assets / (4.1 MB). Loaded Objects now: 6962.
Memory consumption went from 194.1 MB to 189.9 MB.
Total: 9.749500 ms (FindLiveObjects: 0.844000 ms CreateObjectMapping: 0.841900 ms MarkObjects: 4.934500 ms  DeleteObjects: 3.127700 ms)

Prepare: number of updated asset objects reloaded= 0
========================================================================
Received Prepare
Begin MonoManager ReloadAssembly
- Loaded All Assemblies, in  0.715 seconds
Refreshing native plugins compatible for Editor in 1.48 ms, found 3 plugins.
Native extension for WindowsStandalone target not found
Mono: successfully reloaded assembly
- Finished resetting the current domain, in  0.692 seconds
Domain Reload Profiling: 1402ms
	BeginReloadAssembly (189ms)
		ExecutionOrderSort (0ms)
		DisableScriptedObjects (6ms)
		BackupInstance (0ms)
		ReleaseScriptingObjects (0ms)
		CreateAndSetChildDomain (46ms)
	RebuildCommonClasses (31ms)
	RebuildNativeTypeToScriptingClass (10ms)
	initialDomainReloadingComplete (31ms)
	LoadAllAssembliesAndSetupDomain (448ms)
		LoadAssemblies (366ms)
		RebuildTransferFunctionScriptingTraits (0ms)
		AnalyzeDomain (176ms)
			TypeCache.Refresh (12ms)
				TypeCache.ScanAssembly (1ms)
			BuildScriptInfoCaches (152ms)
			ResolveRequiredComponents (9ms)
	FinalizeReload (693ms)
		ReleaseScriptCaches (0ms)
		RebuildScriptCaches (0ms)
		SetupLoadedEditorAssemblies (524ms)
			LogAssemblyErrors (0ms)
			InitializePlatformSupportModulesInManaged (2ms)
			SetLoadedEditorAssemblies (5ms)
			BeforeProcessingInitializeOnLoad (107ms)
			ProcessInitializeOnLoadAttributes (356ms)
			ProcessInitializeOnLoadMethodAttributes (48ms)
			AfterProcessingInitializeOnLoad (7ms)
			EditorAssembliesLoaded (0ms)
		ExecutionOrderSort2 (0ms)
		AwakeInstancesAfterBackupRestoration (13ms)
Refreshing native plugins compatible for Editor in 1.50 ms, found 3 plugins.
Preloading 0 native plugins for Editor in 0.00 ms.
Unloading 13 Unused Serialized files (Serialized files now loaded: 0)
Unloading 5957 unused Assets / (4.2 MB). Loaded Objects now: 6964.
Memory consumption went from 194.1 MB to 189.9 MB.
Total: 9.067600 ms (FindLiveObjects: 0.832500 ms CreateObjectMapping: 1.052500 ms MarkObjects: 4.724900 ms  DeleteObjects: 2.456800 ms)

Prepare: number of updated asset objects reloaded= 0
========================================================================
Received Import Request.
  Time since last request: 339.336100 seconds.
  path: Assets/Assets/buildings/basic house.fbx
  artifactKey: Guid(09d394798ae48ae47b4483e057f284c4) Importer(815301076,1909f56bfc062723c751e8b465ee728b)
Start importing Assets/Assets/buildings/basic house.fbx using Guid(09d394798ae48ae47b4483e057f284c4) Importer(815301076,1909f56bfc062723c751e8b465ee728b) (PreviewImporter) -> (artifact id: '162377c2cc3aacfbf0f140580a55cfe3') in 0.560838 seconds
Number of updated asset objects reloaded before import = 1Number of asset objects unloaded after import = 9

========================================================================
Received Import Request.
  Time since last request: 0.000040 seconds.
  path: Assets/Assets/buildings/hospital.fbx
  artifactKey: Guid(526d4c15e906430419da8371a6f90ae2) Importer(815301076,1909f56bfc062723c751e8b465ee728b)
Start importing Assets/Assets/buildings/hospital.fbx using Guid(526d4c15e906430419da8371a6f90ae2) Importer(815301076,1909f56bfc062723c751e8b465ee728b) (PreviewImporter) -> (artifact id: '87cbe8f91e3d892a175956d53151c4a5') in 0.0408827 seconds
Number of updated asset objects reloaded before import = 0Number of asset objects unloaded after import = 9

========================================================================
Received Import Request.
  Time since last request: 0.000044 seconds.
  path: Assets/Assets/buildings/school.fbx
  artifactKey: Guid(bcd66e77df548394f91c52f4ff07f8f0) Importer(815301076,1909f56bfc062723c751e8b465ee728b)
Start importing Assets/Assets/buildings/school.fbx using Guid(bcd66e77df548394f91c52f4ff07f8f0) Importer(815301076,1909f56bfc062723c751e8b465ee728b) (PreviewImporter) -> (artifact id: '4b167bd686f904ceccea5f967f3ba708') in 0.0446873 seconds
Number of updated asset objects reloaded before import = 0Number of asset objects unloaded after import = 11

========================================================================
Received Import Request.
  Time since last request: 0.000026 seconds.
  path: Assets/Assets/buildings/forest tile.fbx
  artifactKey: Guid(612c5fae1c30787448453a2153fd8548) Importer(815301076,1909f56bfc062723c751e8b465ee728b)
Start importing Assets/Assets/buildings/forest tile.fbx using Guid(612c5fae1c30787448453a2153fd8548) Importer(815301076,1909f56bfc062723c751e8b465ee728b) (PreviewImporter) -> (artifact id: '41463b9c6a9a129f65c6cf4be720dff2') in 0.1090521 seconds
Number of updated asset objects reloaded before import = 0Number of asset objects unloaded after import = 11

========================================================================
Received Import Request.
  Time since last request: 0.000060 seconds.
  path: Assets/Assets/buildings/fire station.fbx
  artifactKey: Guid(d812a28279ad01746ac1a5bb59ca46bb) Importer(815301076,1909f56bfc062723c751e8b465ee728b)
Start importing Assets/Assets/buildings/fire station.fbx using Guid(d812a28279ad01746ac1a5bb59ca46bb) Importer(815301076,1909f56bfc062723c751e8b465ee728b) (PreviewImporter) -> (artifact id: '9e68a3e706b9f51be33af29ea3b6937a') in 0.0481532 seconds
Number of updated asset objects reloaded before import = 0Number of asset objects unloaded after import = 11

========================================================================
Received Import Request.
  Time since last request: 0.000044 seconds.
  path: Assets/Assets/buildings/office.fbx
  artifactKey: Guid(bf0cdea5600e3fa4f8d7b295bb3f061c) Importer(815301076,1909f56bfc062723c751e8b465ee728b)
Start importing Assets/Assets/buildings/office.fbx using Guid(bf0cdea5600e3fa4f8d7b295bb3f061c) Importer(815301076,1909f56bfc062723c751e8b465ee728b) (PreviewImporter) -> (artifact id: '72c3f479ce1a1d740d26464b319438bf') in 0.0293315 seconds
Number of updated asset objects reloaded before import = 0Number of asset objects unloaded after import = 9

========================================================================
Received Import Request.
  Time since last request: 0.000032 seconds.
  path: Assets/Assets/buildings/empty tile.fbx
  artifactKey: Guid(7151fa66ce0211e469bf1799bda39010) Importer(815301076,1909f56bfc062723c751e8b465ee728b)
Start importing Assets/Assets/buildings/empty tile.fbx using Guid(7151fa66ce0211e469bf1799bda39010) Importer(815301076,1909f56bfc062723c751e8b465ee728b) (PreviewImporter) -> (artifact id: '843662f4ca61b82f3f04ef8b8594502d') in 0.0576238 seconds
Number of updated asset objects reloaded before import = 0Number of asset objects unloaded after import = 17

========================================================================
Received Import Request.
  Time since last request: 0.000030 seconds.
  path: Assets/Assets/buildings/police station.fbx
  artifactKey: Guid(33d457b28b4be3e4e93cfab8cb3d9fb0) Importer(815301076,1909f56bfc062723c751e8b465ee728b)
Start importing Assets/Assets/buildings/police station.fbx using Guid(33d457b28b4be3e4e93cfab8cb3d9fb0) Importer(815301076,1909f56bfc062723c751e8b465ee728b) (PreviewImporter) -> (artifact id: '4541e1e93208db775916987c7d4ebc9f') in 0.035838 seconds
Number of updated asset objects reloaded before import = 0Number of asset objects unloaded after import = 9

========================================================================
Received Import Request.
  Time since last request: 541.531957 seconds.
  path: Assets/Assets/buildings/park tile.fbx
  artifactKey: Guid(2e57d5658d6e9ea4a802d686a4d01e29) Importer(815301076,1909f56bfc062723c751e8b465ee728b)
Start importing Assets/Assets/buildings/park tile.fbx using Guid(2e57d5658d6e9ea4a802d686a4d01e29) Importer(815301076,1909f56bfc062723c751e8b465ee728b) (PreviewImporter) -> (artifact id: '5b8e3d75d15a743e856d3da1018200bf') in 0.0734953 seconds
Number of updated asset objects reloaded before import = 0Number of asset objects unloaded after import = 21

========================================================================
Received Prepare
Begin MonoManager ReloadAssembly
- Loaded All Assemblies, in  0.775 seconds
Refreshing native plugins compatible for Editor in 1.35 ms, found 3 plugins.
Native extension for WindowsStandalone target not found
Mono: successfully reloaded assembly
- Finished resetting the current domain, in  0.666 seconds
Domain Reload Profiling: 1438ms
	BeginReloadAssembly (234ms)
		ExecutionOrderSort (0ms)
		DisableScriptedObjects (20ms)
		BackupInstance (0ms)
		ReleaseScriptingObjects (0ms)
		CreateAndSetChildDomain (67ms)
	RebuildCommonClasses (31ms)
	RebuildNativeTypeToScriptingClass (10ms)
	initialDomainReloadingComplete (31ms)
	LoadAllAssembliesAndSetupDomain (465ms)
		LoadAssemblies (392ms)
		RebuildTransferFunctionScriptingTraits (0ms)
		AnalyzeDomain (176ms)
			TypeCache.Refresh (9ms)
				TypeCache.ScanAssembly (0ms)
			BuildScriptInfoCaches (154ms)
			ResolveRequiredComponents (10ms)
	FinalizeReload (666ms)
		ReleaseScriptCaches (0ms)
		RebuildScriptCaches (0ms)
		SetupLoadedEditorAssemblies (502ms)
			LogAssemblyErrors (0ms)
			InitializePlatformSupportModulesInManaged (2ms)
			SetLoadedEditorAssemblies (4ms)
			BeforeProcessingInitializeOnLoad (104ms)
			ProcessInitializeOnLoadAttributes (336ms)
			ProcessInitializeOnLoadMethodAttributes (49ms)
			AfterProcessingInitializeOnLoad (6ms)
			EditorAssembliesLoaded (0ms)
		ExecutionOrderSort2 (0ms)
		AwakeInstancesAfterBackupRestoration (11ms)
Refreshing native plugins compatible for Editor in 1.95 ms, found 3 plugins.
Preloading 0 native plugins for Editor in 0.00 ms.
Unloading 13 Unused Serialized files (Serialized files now loaded: 0)
Unloading 5958 unused Assets / (4.0 MB). Loaded Objects now: 6986.
Memory consumption went from 198.3 MB to 194.4 MB.
Total: 8.853600 ms (FindLiveObjects: 0.938200 ms CreateObjectMapping: 0.836600 ms MarkObjects: 4.754400 ms  DeleteObjects: 2.323500 ms)

Prepare: number of updated asset objects reloaded= 0
========================================================================
Received Import Request.
  Time since last request: 52.046824 seconds.
  path: Assets/Assets/Resources/basic house.prefab
  artifactKey: Guid(c9fd3ab82d9c07947bd7cf9f511c3f63) Importer(815301076,1909f56bfc062723c751e8b465ee728b)
Start importing Assets/Assets/Resources/basic house.prefab using Guid(c9fd3ab82d9c07947bd7cf9f511c3f63) Importer(815301076,1909f56bfc062723c751e8b465ee728b) (PreviewImporter) -> (artifact id: 'df22397e41572461c88d722cad844a42') in 0.4247971 seconds
Number of updated asset objects reloaded before import = 0Number of asset objects unloaded after import = 17

========================================================================
Received Import Request.
  Time since last request: 0.000030 seconds.
  path: Assets/Assets/Resources/tile chunk.prefab
  artifactKey: Guid(988297465e54ca442996f357190fd441) Importer(815301076,1909f56bfc062723c751e8b465ee728b)
Start importing Assets/Assets/Resources/tile chunk.prefab using Guid(988297465e54ca442996f357190fd441) Importer(815301076,1909f56bfc062723c751e8b465ee728b) (PreviewImporter) -> (artifact id: 'ed38754852af9993661444e2da739e90') in 0.0665246 seconds
Number of updated asset objects reloaded before import = 0Number of asset objects unloaded after import = 1875

========================================================================
Received Import Request.
  Time since last request: 0.000056 seconds.
  path: Assets/Assets/Resources/buildable road connection.prefab
  artifactKey: Guid(78e5c9d48da752f4782884aa2f27c158) Importer(815301076,1909f56bfc062723c751e8b465ee728b)
Start importing Assets/Assets/Resources/buildable road connection.prefab using Guid(78e5c9d48da752f4782884aa2f27c158) Importer(815301076,1909f56bfc062723c751e8b465ee728b) (PreviewImporter) -> (artifact id: '3e44f6644ef0be7a9134a4cb2ca487dc') in 0.0208416 seconds
Number of updated asset objects reloaded before import = 0Number of asset objects unloaded after import = 32

========================================================================
Received Import Request.
  Time since last request: 0.000033 seconds.
  path: Assets/Assets/Resources/purchasable tile.prefab
  artifactKey: Guid(fe970d315aded9c439b668619cd017aa) Importer(815301076,1909f56bfc062723c751e8b465ee728b)
Start importing Assets/Assets/Resources/purchasable tile.prefab using Guid(fe970d315aded9c439b668619cd017aa) Importer(815301076,1909f56bfc062723c751e8b465ee728b) (PreviewImporter) -> (artifact id: '2d3a323e4f9518fb96f4a21e126cfbee') in 0.1864394 seconds
Number of updated asset objects reloaded before import = 0Number of asset objects unloaded after import = 3496

========================================================================
Received Import Request.
  Time since last request: 0.000132 seconds.
  path: Assets/Assets/Resources/park tile.prefab
  artifactKey: Guid(8af7cf06584f90b40970cd26ae21b337) Importer(815301076,1909f56bfc062723c751e8b465ee728b)
Start importing Assets/Assets/Resources/park tile.prefab using Guid(8af7cf06584f90b40970cd26ae21b337) Importer(815301076,1909f56bfc062723c751e8b465ee728b) (PreviewImporter) -> (artifact id: '29b50fe9529e54d4ee58b113e35e8ac3') in 0.0461155 seconds
Number of updated asset objects reloaded before import = 0Number of asset objects unloaded after import = 34

========================================================================
Received Import Request.
  Time since last request: 0.000033 seconds.
  path: Assets/Assets/Resources/scripted factory.prefab
  artifactKey: Guid(817fcef550deffb4f8124946313c3360) Importer(815301076,1909f56bfc062723c751e8b465ee728b)
Start importing Assets/Assets/Resources/scripted factory.prefab using Guid(817fcef550deffb4f8124946313c3360) Importer(815301076,1909f56bfc062723c751e8b465ee728b) (PreviewImporter) -> (artifact id: '81715a57759217aab574e0b2079eed76') in 0.0351931 seconds
Number of updated asset objects reloaded before import = 0Number of asset objects unloaded after import = 18

========================================================================
Received Import Request.
  Time since last request: 0.000025 seconds.
  path: Assets/Assets/Resources/school.prefab
  artifactKey: Guid(219ac6c837142824b980ca29922dc83f) Importer(815301076,1909f56bfc062723c751e8b465ee728b)
Start importing Assets/Assets/Resources/school.prefab using Guid(219ac6c837142824b980ca29922dc83f) Importer(815301076,1909f56bfc062723c751e8b465ee728b) (PreviewImporter) -> (artifact id: '19bdc94aa2c1c2dd4ae70d604a57cb4c') in 0.01927 seconds
Number of updated asset objects reloaded before import = 0Number of asset objects unloaded after import = 19

========================================================================
Received Import Request.
  Time since last request: 9.417026 seconds.
  path: Assets/Assets/Resources/buildable tile.prefab
  artifactKey: Guid(755079f8ce9e7234a8e69bcb92964c6e) Importer(815301076,1909f56bfc062723c751e8b465ee728b)
Start importing Assets/Assets/Resources/buildable tile.prefab using Guid(755079f8ce9e7234a8e69bcb92964c6e) Importer(815301076,1909f56bfc062723c751e8b465ee728b) (PreviewImporter) -> (artifact id: 'c57dfff1e0365f5f82c77fd72d627963') in 0.036598 seconds
Number of updated asset objects reloaded before import = 0Number of asset objects unloaded after import = 175

========================================================================
Received Import Request.
  Time since last request: 0.000400 seconds.
  path: Assets/Assets/Resources/tile chunk.prefab
  artifactKey: Guid(988297465e54ca442996f357190fd441) Importer(815301076,1909f56bfc062723c751e8b465ee728b)
Start importing Assets/Assets/Resources/tile chunk.prefab using Guid(988297465e54ca442996f357190fd441) Importer(815301076,1909f56bfc062723c751e8b465ee728b) (PreviewImporter) -> (artifact id: '81047dbbf75ad4a670dde2df57a383cb') in 0.0886052 seconds
Number of updated asset objects reloaded before import = 0Number of asset objects unloaded after import = 1727

========================================================================
Received Import Request.
  Time since last request: 5.862561 seconds.
  path: Assets/Assets/Resources/buildable tile.prefab
  artifactKey: Guid(755079f8ce9e7234a8e69bcb92964c6e) Importer(815301076,1909f56bfc062723c751e8b465ee728b)
Start importing Assets/Assets/Resources/buildable tile.prefab using Guid(755079f8ce9e7234a8e69bcb92964c6e) Importer(815301076,1909f56bfc062723c751e8b465ee728b) (PreviewImporter) -> (artifact id: '0a24fac7a210563cfe66e7fff2e47f5c') in 0.0356716 seconds
Number of updated asset objects reloaded before import = 0Number of asset objects unloaded after import = 172

========================================================================
Received Import Request.
  Time since last request: 0.000082 seconds.
  path: Assets/Assets/Resources/tile chunk.prefab
  artifactKey: Guid(988297465e54ca442996f357190fd441) Importer(815301076,1909f56bfc062723c751e8b465ee728b)
Start importing Assets/Assets/Resources/tile chunk.prefab using Guid(988297465e54ca442996f357190fd441) Importer(815301076,1909f56bfc062723c751e8b465ee728b) (PreviewImporter) -> (artifact id: '2901e180bd6d94a7cf6a987d997901e2') in 0.0583668 seconds
Number of updated asset objects reloaded before import = 0Number of asset objects unloaded after import = 1692

========================================================================
Received Prepare
Begin MonoManager ReloadAssembly
- Loaded All Assemblies, in  0.747 seconds
Refreshing native plugins compatible for Editor in 1.72 ms, found 3 plugins.
Native extension for WindowsStandalone target not found
Mono: successfully reloaded assembly
- Finished resetting the current domain, in  0.709 seconds
Domain Reload Profiling: 1453ms
	BeginReloadAssembly (212ms)
		ExecutionOrderSort (0ms)
		DisableScriptedObjects (17ms)
		BackupInstance (0ms)
		ReleaseScriptingObjects (0ms)
		CreateAndSetChildDomain (61ms)
	RebuildCommonClasses (31ms)
	RebuildNativeTypeToScriptingClass (10ms)
	initialDomainReloadingComplete (31ms)
	LoadAllAssembliesAndSetupDomain (459ms)
		LoadAssemblies (368ms)
		RebuildTransferFunctionScriptingTraits (0ms)
		AnalyzeDomain (183ms)
			TypeCache.Refresh (9ms)
				TypeCache.ScanAssembly (0ms)
			BuildScriptInfoCaches (162ms)
			ResolveRequiredComponents (9ms)
	FinalizeReload (710ms)
		ReleaseScriptCaches (0ms)
		RebuildScriptCaches (0ms)
		SetupLoadedEditorAssemblies (519ms)
			LogAssemblyErrors (0ms)
			InitializePlatformSupportModulesInManaged (2ms)
			SetLoadedEditorAssemblies (4ms)
			BeforeProcessingInitializeOnLoad (101ms)
			ProcessInitializeOnLoadAttributes (356ms)
			ProcessInitializeOnLoadMethodAttributes (48ms)
			AfterProcessingInitializeOnLoad (7ms)
			EditorAssembliesLoaded (0ms)
		ExecutionOrderSort2 (0ms)
		AwakeInstancesAfterBackupRestoration (13ms)
Refreshing native plugins compatible for Editor in 1.74 ms, found 3 plugins.
Preloading 0 native plugins for Editor in 0.00 ms.
Unloading 13 Unused Serialized files (Serialized files now loaded: 0)
Unloading 5960 unused Assets / (4.0 MB). Loaded Objects now: 7008.
Memory consumption went from 202.5 MB to 198.5 MB.
Total: 11.485000 ms (FindLiveObjects: 0.971800 ms CreateObjectMapping: 1.290300 ms MarkObjects: 6.604400 ms  DeleteObjects: 2.617000 ms)

Prepare: number of updated asset objects reloaded= 0
========================================================================
Received Import Request.
  Time since last request: 71.744663 seconds.
  path: Assets/Assets/Resources/buildable tile.prefab
  artifactKey: Guid(755079f8ce9e7234a8e69bcb92964c6e) Importer(815301076,1909f56bfc062723c751e8b465ee728b)
Start importing Assets/Assets/Resources/buildable tile.prefab using Guid(755079f8ce9e7234a8e69bcb92964c6e) Importer(815301076,1909f56bfc062723c751e8b465ee728b) (PreviewImporter) -> (artifact id: 'b944cb0177f0c2dde68b506e3b6a5f77') in 0.4450429 seconds
Number of updated asset objects reloaded before import = 0Number of asset objects unloaded after import = 183

========================================================================
Received Import Request.
  Time since last request: 0.000031 seconds.
  path: Assets/Assets/Resources/tile chunk.prefab
  artifactKey: Guid(988297465e54ca442996f357190fd441) Importer(815301076,1909f56bfc062723c751e8b465ee728b)
Start importing Assets/Assets/Resources/tile chunk.prefab using Guid(988297465e54ca442996f357190fd441) Importer(815301076,1909f56bfc062723c751e8b465ee728b) (PreviewImporter) -> (artifact id: 'c9bdcf727bb9f198762177be57697e1e') in 0.0570929 seconds
Number of updated asset objects reloaded before import = 0Number of asset objects unloaded after import = 1863

========================================================================
Received Import Request.
  Time since last request: 4.314401 seconds.
  path: Assets/Assets/Resources/buildable tile.prefab
  artifactKey: Guid(755079f8ce9e7234a8e69bcb92964c6e) Importer(815301076,1909f56bfc062723c751e8b465ee728b)
Start importing Assets/Assets/Resources/buildable tile.prefab using Guid(755079f8ce9e7234a8e69bcb92964c6e) Importer(815301076,1909f56bfc062723c751e8b465ee728b) (PreviewImporter) -> (artifact id: 'a2deee78ecc42deb2b275179e6c8ffc6') in 0.0389657 seconds
Number of updated asset objects reloaded before import = 0Number of asset objects unloaded after import = 183

========================================================================
Received Import Request.
  Time since last request: 0.000103 seconds.
  path: Assets/Assets/Resources/tile chunk.prefab
  artifactKey: Guid(988297465e54ca442996f357190fd441) Importer(815301076,1909f56bfc062723c751e8b465ee728b)
Start importing Assets/Assets/Resources/tile chunk.prefab using Guid(988297465e54ca442996f357190fd441) Importer(815301076,1909f56bfc062723c751e8b465ee728b) (PreviewImporter) -> (artifact id: 'a7b5241068fa6dacd29668d2f1b0fa9b') in 0.185599 seconds
Number of updated asset objects reloaded before import = 0Number of asset objects unloaded after import = 1863

========================================================================
Received Import Request.
  Time since last request: 8.482476 seconds.
  path: Assets/Assets/Resources/buildable tile.prefab
  artifactKey: Guid(755079f8ce9e7234a8e69bcb92964c6e) Importer(815301076,1909f56bfc062723c751e8b465ee728b)
Start importing Assets/Assets/Resources/buildable tile.prefab using Guid(755079f8ce9e7234a8e69bcb92964c6e) Importer(815301076,1909f56bfc062723c751e8b465ee728b) (PreviewImporter) -> (artifact id: 'c834035adf7d22dfc58d4120e63cebce') in 0.0817553 seconds
Number of updated asset objects reloaded before import = 0Number of asset objects unloaded after import = 183

========================================================================
Received Import Request.
  Time since last request: 0.000028 seconds.
  path: Assets/Assets/Resources/tile chunk.prefab
  artifactKey: Guid(988297465e54ca442996f357190fd441) Importer(815301076,1909f56bfc062723c751e8b465ee728b)
Start importing Assets/Assets/Resources/tile chunk.prefab using Guid(988297465e54ca442996f357190fd441) Importer(815301076,1909f56bfc062723c751e8b465ee728b) (PreviewImporter) -> (artifact id: 'c5ee234e4846a594fe3cbc6459371810') in 0.0597783 seconds
Number of updated asset objects reloaded before import = 0Number of asset objects unloaded after import = 1863

========================================================================
Received Prepare
Begin MonoManager ReloadAssembly
- Loaded All Assemblies, in  0.742 seconds
Refreshing native plugins compatible for Editor in 1.56 ms, found 3 plugins.
Native extension for WindowsStandalone target not found
Mono: successfully reloaded assembly
- Finished resetting the current domain, in  0.694 seconds
Domain Reload Profiling: 1434ms
	BeginReloadAssembly (214ms)
		ExecutionOrderSort (0ms)
		DisableScriptedObjects (18ms)
		BackupInstance (0ms)
		ReleaseScriptingObjects (0ms)
		CreateAndSetChildDomain (56ms)
	RebuildCommonClasses (31ms)
	RebuildNativeTypeToScriptingClass (10ms)
	initialDomainReloadingComplete (31ms)
	LoadAllAssembliesAndSetupDomain (453ms)
		LoadAssemblies (372ms)
		RebuildTransferFunctionScriptingTraits (0ms)
		AnalyzeDomain (177ms)
			TypeCache.Refresh (9ms)
				TypeCache.ScanAssembly (0ms)
			BuildScriptInfoCaches (156ms)
			ResolveRequiredComponents (9ms)
	FinalizeReload (695ms)
		ReleaseScriptCaches (0ms)
		RebuildScriptCaches (0ms)
		SetupLoadedEditorAssemblies (518ms)
			LogAssemblyErrors (0ms)
			InitializePlatformSupportModulesInManaged (3ms)
			SetLoadedEditorAssemblies (6ms)
			BeforeProcessingInitializeOnLoad (103ms)
			ProcessInitializeOnLoadAttributes (348ms)
			ProcessInitializeOnLoadMethodAttributes (50ms)
			AfterProcessingInitializeOnLoad (7ms)
			EditorAssembliesLoaded (0ms)
		ExecutionOrderSort2 (0ms)
		AwakeInstancesAfterBackupRestoration (13ms)
Refreshing native plugins compatible for Editor in 2.19 ms, found 3 plugins.
Preloading 0 native plugins for Editor in 0.00 ms.
Unloading 13 Unused Serialized files (Serialized files now loaded: 0)
Unloading 5958 unused Assets / (4.3 MB). Loaded Objects now: 7030.
Memory consumption went from 206.5 MB to 202.3 MB.
Total: 12.258300 ms (FindLiveObjects: 0.992100 ms CreateObjectMapping: 0.684400 ms MarkObjects: 6.067200 ms  DeleteObjects: 4.513100 ms)

Prepare: number of updated asset objects reloaded= 0
========================================================================
Received Import Request.
  Time since last request: 20.751634 seconds.
  path: Assets/Assets/Resources/buildable tile.prefab
  artifactKey: Guid(755079f8ce9e7234a8e69bcb92964c6e) Importer(815301076,1909f56bfc062723c751e8b465ee728b)
Start importing Assets/Assets/Resources/buildable tile.prefab using Guid(755079f8ce9e7234a8e69bcb92964c6e) Importer(815301076,1909f56bfc062723c751e8b465ee728b) (PreviewImporter) -> (artifact id: '48b1aa857f1cd5afc209c6bf120a6a55') in 0.4476488 seconds
Number of updated asset objects reloaded before import = 0Number of asset objects unloaded after import = 183

========================================================================
Received Import Request.
  Time since last request: 0.000028 seconds.
  path: Assets/Assets/Resources/tile chunk.prefab
  artifactKey: Guid(988297465e54ca442996f357190fd441) Importer(815301076,1909f56bfc062723c751e8b465ee728b)
Start importing Assets/Assets/Resources/tile chunk.prefab using Guid(988297465e54ca442996f357190fd441) Importer(815301076,1909f56bfc062723c751e8b465ee728b) (PreviewImporter) -> (artifact id: '633d1cd9ee148d8b258a80520ef4cd1c') in 0.0569605 seconds
Number of updated asset objects reloaded before import = 0Number of asset objects unloaded after import = 1863

========================================================================
Received Prepare
Begin MonoManager ReloadAssembly
- Loaded All Assemblies, in  0.731 seconds
Refreshing native plugins compatible for Editor in 1.75 ms, found 3 plugins.
Native extension for WindowsStandalone target not found
Mono: successfully reloaded assembly
- Finished resetting the current domain, in  0.677 seconds
Domain Reload Profiling: 1406ms
	BeginReloadAssembly (214ms)
		ExecutionOrderSort (0ms)
		DisableScriptedObjects (21ms)
		BackupInstance (0ms)
		ReleaseScriptingObjects (0ms)
		CreateAndSetChildDomain (57ms)
	RebuildCommonClasses (31ms)
	RebuildNativeTypeToScriptingClass (10ms)
	initialDomainReloadingComplete (29ms)
	LoadAllAssembliesAndSetupDomain (443ms)
		LoadAssemblies (363ms)
		RebuildTransferFunctionScriptingTraits (0ms)
		AnalyzeDomain (173ms)
			TypeCache.Refresh (9ms)
				TypeCache.ScanAssembly (0ms)
			BuildScriptInfoCaches (151ms)
			ResolveRequiredComponents (9ms)
	FinalizeReload (678ms)
		ReleaseScriptCaches (0ms)
		RebuildScriptCaches (0ms)
		SetupLoadedEditorAssemblies (500ms)
			LogAssemblyErrors (0ms)
			InitializePlatformSupportModulesInManaged (2ms)
			SetLoadedEditorAssemblies (5ms)
			BeforeProcessingInitializeOnLoad (105ms)
			ProcessInitializeOnLoadAttributes (335ms)
			ProcessInitializeOnLoadMethodAttributes (46ms)
			AfterProcessingInitializeOnLoad (7ms)
			EditorAssembliesLoaded (0ms)
		ExecutionOrderSort2 (0ms)
		AwakeInstancesAfterBackupRestoration (12ms)
Refreshing native plugins compatible for Editor in 2.96 ms, found 3 plugins.
Preloading 0 native plugins for Editor in 0.00 ms.
Unloading 13 Unused Serialized files (Serialized files now loaded: 0)
Unloading 5958 unused Assets / (4.2 MB). Loaded Objects now: 7052.
Memory consumption went from 210.7 MB to 206.5 MB.
Total: 10.234000 ms (FindLiveObjects: 0.836600 ms CreateObjectMapping: 0.895400 ms MarkObjects: 4.864600 ms  DeleteObjects: 3.636100 ms)

Prepare: number of updated asset objects reloaded= 0
========================================================================
Received Prepare
Begin MonoManager ReloadAssembly
- Loaded All Assemblies, in  0.707 seconds
Refreshing native plugins compatible for Editor in 1.53 ms, found 3 plugins.
Native extension for WindowsStandalone target not found
Mono: successfully reloaded assembly
- Finished resetting the current domain, in  0.669 seconds
Domain Reload Profiling: 1373ms
	BeginReloadAssembly (189ms)
		ExecutionOrderSort (0ms)
		DisableScriptedObjects (5ms)
		BackupInstance (0ms)
		ReleaseScriptingObjects (0ms)
		CreateAndSetChildDomain (45ms)
	RebuildCommonClasses (34ms)
	RebuildNativeTypeToScriptingClass (10ms)
	initialDomainReloadingComplete (30ms)
	LoadAllAssembliesAndSetupDomain (440ms)
		LoadAssemblies (360ms)
		RebuildTransferFunctionScriptingTraits (0ms)
		AnalyzeDomain (175ms)
			TypeCache.Refresh (7ms)
				TypeCache.ScanAssembly (0ms)
			BuildScriptInfoCaches (155ms)
			ResolveRequiredComponents (9ms)
	FinalizeReload (670ms)
		ReleaseScriptCaches (0ms)
		RebuildScriptCaches (0ms)
		SetupLoadedEditorAssemblies (495ms)
			LogAssemblyErrors (0ms)
			InitializePlatformSupportModulesInManaged (3ms)
			SetLoadedEditorAssemblies (5ms)
			BeforeProcessingInitializeOnLoad (103ms)
			ProcessInitializeOnLoadAttributes (328ms)
			ProcessInitializeOnLoadMethodAttributes (48ms)
			AfterProcessingInitializeOnLoad (7ms)
			EditorAssembliesLoaded (0ms)
		ExecutionOrderSort2 (0ms)
		AwakeInstancesAfterBackupRestoration (13ms)
Refreshing native plugins compatible for Editor in 2.18 ms, found 3 plugins.
Preloading 0 native plugins for Editor in 0.00 ms.
Unloading 13 Unused Serialized files (Serialized files now loaded: 0)
Unloading 5957 unused Assets / (4.3 MB). Loaded Objects now: 7054.
Memory consumption went from 210.5 MB to 206.2 MB.
Total: 10.359000 ms (FindLiveObjects: 0.915500 ms CreateObjectMapping: 1.100000 ms MarkObjects: 5.515700 ms  DeleteObjects: 2.826700 ms)

Prepare: number of updated asset objects reloaded= 0
========================================================================
Received Prepare
Begin MonoManager ReloadAssembly
- Loaded All Assemblies, in  0.744 seconds
Refreshing native plugins compatible for Editor in 1.36 ms, found 3 plugins.
Native extension for WindowsStandalone target not found
Mono: successfully reloaded assembly
- Finished resetting the current domain, in  0.698 seconds
Domain Reload Profiling: 1438ms
	BeginReloadAssembly (195ms)
		ExecutionOrderSort (0ms)
		DisableScriptedObjects (7ms)
		BackupInstance (0ms)
		ReleaseScriptingObjects (0ms)
		CreateAndSetChildDomain (47ms)
	RebuildCommonClasses (34ms)
	RebuildNativeTypeToScriptingClass (16ms)
	initialDomainReloadingComplete (32ms)
	LoadAllAssembliesAndSetupDomain (463ms)
		LoadAssemblies (375ms)
		RebuildTransferFunctionScriptingTraits (0ms)
		AnalyzeDomain (186ms)
			TypeCache.Refresh (11ms)
				TypeCache.ScanAssembly (1ms)
			BuildScriptInfoCaches (162ms)
			ResolveRequiredComponents (9ms)
	FinalizeReload (699ms)
		ReleaseScriptCaches (0ms)
		RebuildScriptCaches (0ms)
		SetupLoadedEditorAssemblies (519ms)
			LogAssemblyErrors (0ms)
			InitializePlatformSupportModulesInManaged (4ms)
			SetLoadedEditorAssemblies (6ms)
			BeforeProcessingInitializeOnLoad (101ms)
			ProcessInitializeOnLoadAttributes (347ms)
			ProcessInitializeOnLoadMethodAttributes (55ms)
			AfterProcessingInitializeOnLoad (7ms)
			EditorAssembliesLoaded (0ms)
		ExecutionOrderSort2 (0ms)
		AwakeInstancesAfterBackupRestoration (13ms)
Refreshing native plugins compatible for Editor in 1.82 ms, found 3 plugins.
Preloading 0 native plugins for Editor in 0.00 ms.
Unloading 13 Unused Serialized files (Serialized files now loaded: 0)
Unloading 5957 unused Assets / (4.1 MB). Loaded Objects now: 7056.
Memory consumption went from 210.5 MB to 206.4 MB.
Total: 10.850800 ms (FindLiveObjects: 0.983000 ms CreateObjectMapping: 1.070700 ms MarkObjects: 5.791700 ms  DeleteObjects: 3.003400 ms)

Prepare: number of updated asset objects reloaded= 0
========================================================================
Received Import Request.
  Time since last request: 543.638645 seconds.
  path: Assets/Assets/Resources/basic tile.prefab
  artifactKey: Guid(db63c26766597bb459cf43cdf52cad86) Importer(815301076,1909f56bfc062723c751e8b465ee728b)
Start importing Assets/Assets/Resources/basic tile.prefab using Guid(db63c26766597bb459cf43cdf52cad86) Importer(815301076,1909f56bfc062723c751e8b465ee728b) (PreviewImporter) -> (artifact id: 'f1fbd70370c6163960625c139731e8c9') in 0.4427857 seconds
Number of updated asset objects reloaded before import = 0Number of asset objects unloaded after import = 46

========================================================================
Received Import Request.
  Time since last request: 0.000030 seconds.
  path: Assets/Assets/Resources/buildable tile.prefab
  artifactKey: Guid(755079f8ce9e7234a8e69bcb92964c6e) Importer(815301076,1909f56bfc062723c751e8b465ee728b)
Start importing Assets/Assets/Resources/buildable tile.prefab using Guid(755079f8ce9e7234a8e69bcb92964c6e) Importer(815301076,1909f56bfc062723c751e8b465ee728b) (PreviewImporter) -> (artifact id: 'c239de9311cdf9d3624dcd29c7443251') in 0.0363038 seconds
Number of updated asset objects reloaded before import = 0Number of asset objects unloaded after import = 183

========================================================================
Received Prepare
Begin MonoManager ReloadAssembly
- Loaded All Assemblies, in  0.744 seconds
Refreshing native plugins compatible for Editor in 1.54 ms, found 3 plugins.
Native extension for WindowsStandalone target not found
Mono: successfully reloaded assembly
- Finished resetting the current domain, in  0.689 seconds
Domain Reload Profiling: 1432ms
	BeginReloadAssembly (215ms)
		ExecutionOrderSort (0ms)
		DisableScriptedObjects (18ms)
		BackupInstance (0ms)
		ReleaseScriptingObjects (0ms)
		CreateAndSetChildDomain (59ms)
	RebuildCommonClasses (31ms)
	RebuildNativeTypeToScriptingClass (10ms)
	initialDomainReloadingComplete (30ms)
	LoadAllAssembliesAndSetupDomain (457ms)
		LoadAssemblies (372ms)
		RebuildTransferFunctionScriptingTraits (0ms)
		AnalyzeDomain (180ms)
			TypeCache.Refresh (8ms)
				TypeCache.ScanAssembly (0ms)
			BuildScriptInfoCaches (159ms)
			ResolveRequiredComponents (9ms)
	FinalizeReload (690ms)
		ReleaseScriptCaches (0ms)
		RebuildScriptCaches (0ms)
		SetupLoadedEditorAssemblies (503ms)
			LogAssemblyErrors (0ms)
			InitializePlatformSupportModulesInManaged (2ms)
			SetLoadedEditorAssemblies (5ms)
			BeforeProcessingInitializeOnLoad (105ms)
			ProcessInitializeOnLoadAttributes (338ms)
			ProcessInitializeOnLoadMethodAttributes (44ms)
			AfterProcessingInitializeOnLoad (8ms)
			EditorAssembliesLoaded (0ms)
		ExecutionOrderSort2 (0ms)
		AwakeInstancesAfterBackupRestoration (12ms)
Refreshing native plugins compatible for Editor in 1.68 ms, found 3 plugins.
Preloading 0 native plugins for Editor in 0.00 ms.
Unloading 13 Unused Serialized files (Serialized files now loaded: 0)
Unloading 5958 unused Assets / (4.2 MB). Loaded Objects now: 7078.
Memory consumption went from 214.8 MB to 210.7 MB.
Total: 9.394300 ms (FindLiveObjects: 0.906300 ms CreateObjectMapping: 0.948800 ms MarkObjects: 4.741200 ms  DeleteObjects: 2.796600 ms)

Prepare: number of updated asset objects reloaded= 0
========================================================================
Received Import Request.
  Time since last request: 35.405051 seconds.
  path: Assets/Assets/Resources/buildable tile.prefab
  artifactKey: Guid(755079f8ce9e7234a8e69bcb92964c6e) Importer(815301076,1909f56bfc062723c751e8b465ee728b)
Start importing Assets/Assets/Resources/buildable tile.prefab using Guid(755079f8ce9e7234a8e69bcb92964c6e) Importer(815301076,1909f56bfc062723c751e8b465ee728b) (PreviewImporter) -> (artifact id: '564e13d41e1480964a80287c0eaa8fcd') in 0.4421815 seconds
Number of updated asset objects reloaded before import = 0Number of asset objects unloaded after import = 183

========================================================================
Received Import Request.
  Time since last request: 0.000028 seconds.
  path: Assets/Assets/Resources/tile chunk.prefab
  artifactKey: Guid(988297465e54ca442996f357190fd441) Importer(815301076,1909f56bfc062723c751e8b465ee728b)
Start importing Assets/Assets/Resources/tile chunk.prefab using Guid(988297465e54ca442996f357190fd441) Importer(815301076,1909f56bfc062723c751e8b465ee728b) (PreviewImporter) -> (artifact id: 'd7d9cec6945c0544281a98f150407b9b') in 0.0558443 seconds
Number of updated asset objects reloaded before import = 0Number of asset objects unloaded after import = 1863

========================================================================
Received Prepare
Begin MonoManager ReloadAssembly
- Loaded All Assemblies, in  0.762 seconds
Refreshing native plugins compatible for Editor in 1.44 ms, found 3 plugins.
Native extension for WindowsStandalone target not found
Mono: successfully reloaded assembly
- Finished resetting the current domain, in  0.711 seconds
Domain Reload Profiling: 1470ms
	BeginReloadAssembly (214ms)
		ExecutionOrderSort (0ms)
		DisableScriptedObjects (21ms)
		BackupInstance (0ms)
		ReleaseScriptingObjects (0ms)
		CreateAndSetChildDomain (54ms)
	RebuildCommonClasses (31ms)
	RebuildNativeTypeToScriptingClass (10ms)
	initialDomainReloadingComplete (30ms)
	LoadAllAssembliesAndSetupDomain (473ms)
		LoadAssemblies (375ms)
		RebuildTransferFunctionScriptingTraits (0ms)
		AnalyzeDomain (193ms)
			TypeCache.Refresh (8ms)
				TypeCache.ScanAssembly (0ms)
			BuildScriptInfoCaches (172ms)
			ResolveRequiredComponents (9ms)
	FinalizeReload (711ms)
		ReleaseScriptCaches (0ms)
		RebuildScriptCaches (0ms)
		SetupLoadedEditorAssemblies (532ms)
			LogAssemblyErrors (0ms)
			InitializePlatformSupportModulesInManaged (2ms)
			SetLoadedEditorAssemblies (6ms)
			BeforeProcessingInitializeOnLoad (106ms)
			ProcessInitializeOnLoadAttributes (359ms)
			ProcessInitializeOnLoadMethodAttributes (50ms)
			AfterProcessingInitializeOnLoad (8ms)
			EditorAssembliesLoaded (0ms)
		ExecutionOrderSort2 (0ms)
		AwakeInstancesAfterBackupRestoration (18ms)
Refreshing native plugins compatible for Editor in 1.73 ms, found 3 plugins.
Preloading 0 native plugins for Editor in 0.00 ms.
Unloading 13 Unused Serialized files (Serialized files now loaded: 0)
Unloading 5958 unused Assets / (3.8 MB). Loaded Objects now: 7100.
Memory consumption went from 219.1 MB to 215.2 MB.
Total: 9.301400 ms (FindLiveObjects: 1.377300 ms CreateObjectMapping: 1.130000 ms MarkObjects: 4.624000 ms  DeleteObjects: 2.169000 ms)

Prepare: number of updated asset objects reloaded= 0
========================================================================
Received Import Request.
  Time since last request: 48.803253 seconds.
  path: Assets/Assets/Resources/buildable tile.prefab
  artifactKey: Guid(755079f8ce9e7234a8e69bcb92964c6e) Importer(815301076,1909f56bfc062723c751e8b465ee728b)
Start importing Assets/Assets/Resources/buildable tile.prefab using Guid(755079f8ce9e7234a8e69bcb92964c6e) Importer(815301076,1909f56bfc062723c751e8b465ee728b) (PreviewImporter) -> (artifact id: '3dbd78b9e039c5bf479e16c411d156f0') in 0.4581554 seconds
Number of updated asset objects reloaded before import = 0Number of asset objects unloaded after import = 179

========================================================================
Received Import Request.
  Time since last request: 0.000029 seconds.
  path: Assets/Assets/Resources/tile chunk.prefab
  artifactKey: Guid(988297465e54ca442996f357190fd441) Importer(815301076,1909f56bfc062723c751e8b465ee728b)
Start importing Assets/Assets/Resources/tile chunk.prefab using Guid(988297465e54ca442996f357190fd441) Importer(815301076,1909f56bfc062723c751e8b465ee728b) (PreviewImporter) -> (artifact id: 'a50496373821e39d693a3a0807288d7c') in 0.0596216 seconds
Number of updated asset objects reloaded before import = 0Number of asset objects unloaded after import = 1795

========================================================================
Received Prepare
Begin MonoManager ReloadAssembly
- Loaded All Assemblies, in  0.733 seconds
Refreshing native plugins compatible for Editor in 1.94 ms, found 3 plugins.
Native extension for WindowsStandalone target not found
Mono: successfully reloaded assembly
- Finished resetting the current domain, in  0.670 seconds
Domain Reload Profiling: 1401ms
	BeginReloadAssembly (214ms)
		ExecutionOrderSort (0ms)
		DisableScriptedObjects (18ms)
		BackupInstance (0ms)
		ReleaseScriptingObjects (0ms)
		CreateAndSetChildDomain (58ms)
	RebuildCommonClasses (32ms)
	RebuildNativeTypeToScriptingClass (10ms)
	initialDomainReloadingComplete (30ms)
	LoadAllAssembliesAndSetupDomain (444ms)
		LoadAssemblies (365ms)
		RebuildTransferFunctionScriptingTraits (0ms)
		AnalyzeDomain (174ms)
			TypeCache.Refresh (9ms)
				TypeCache.ScanAssembly (0ms)
			BuildScriptInfoCaches (153ms)
			ResolveRequiredComponents (9ms)
	FinalizeReload (671ms)
		ReleaseScriptCaches (0ms)
		RebuildScriptCaches (0ms)
		SetupLoadedEditorAssemblies (496ms)
			LogAssemblyErrors (0ms)
			InitializePlatformSupportModulesInManaged (2ms)
			SetLoadedEditorAssemblies (5ms)
			BeforeProcessingInitializeOnLoad (101ms)
			ProcessInitializeOnLoadAttributes (339ms)
			ProcessInitializeOnLoadMethodAttributes (43ms)
			AfterProcessingInitializeOnLoad (7ms)
			EditorAssembliesLoaded (0ms)
		ExecutionOrderSort2 (0ms)
		AwakeInstancesAfterBackupRestoration (15ms)
Refreshing native plugins compatible for Editor in 1.72 ms, found 3 plugins.
Preloading 0 native plugins for Editor in 0.00 ms.
Unloading 13 Unused Serialized files (Serialized files now loaded: 0)
Unloading 5958 unused Assets / (4.2 MB). Loaded Objects now: 7122.
Memory consumption went from 223.2 MB to 219.0 MB.
Total: 15.770300 ms (FindLiveObjects: 1.014300 ms CreateObjectMapping: 1.578100 ms MarkObjects: 9.925200 ms  DeleteObjects: 3.251500 ms)

Prepare: number of updated asset objects reloaded= 0
========================================================================
Received Prepare
Refreshing native plugins compatible for Editor in 1.87 ms, found 3 plugins.
Preloading 0 native plugins for Editor in 0.00 ms.
Unloading 13 Unused Serialized files (Serialized files now loaded: 0)
Unloading 5950 unused Assets / (4.5 MB). Loaded Objects now: 7122.
Memory consumption went from 223.2 MB to 218.7 MB.
Total: 14.403100 ms (FindLiveObjects: 1.178000 ms CreateObjectMapping: 1.111400 ms MarkObjects: 7.472700 ms  DeleteObjects: 4.639600 ms)

Prepare: number of updated asset objects reloaded= 0
========================================================================
Received Import Request.
  Time since last request: 116.429867 seconds.
  path: Assets/Assets/Resources/tile chunk.prefab
  artifactKey: Guid(988297465e54ca442996f357190fd441) Importer(815301076,1909f56bfc062723c751e8b465ee728b)
Start importing Assets/Assets/Resources/tile chunk.prefab using Guid(988297465e54ca442996f357190fd441) Importer(815301076,1909f56bfc062723c751e8b465ee728b) (PreviewImporter) -> (artifact id: '631749013a2734497e9dbc891f37fd2a') in 0.5736553 seconds
Number of updated asset objects reloaded before import = 0Number of asset objects unloaded after import = 1795

========================================================================
Received Import Request.
  Time since last request: 0.000039 seconds.
  path: Assets/Assets/Resources/purchasable tile.prefab
  artifactKey: Guid(fe970d315aded9c439b668619cd017aa) Importer(815301076,1909f56bfc062723c751e8b465ee728b)
Start importing Assets/Assets/Resources/purchasable tile.prefab using Guid(fe970d315aded9c439b668619cd017aa) Importer(815301076,1909f56bfc062723c751e8b465ee728b) (PreviewImporter) -> (artifact id: '1e1c66f5a2b5a5ad1ad546d0ca7bb804') in 0.175094 seconds
Number of updated asset objects reloaded before import = 0Number of asset objects unloaded after import = 3352

========================================================================
Received Prepare
Begin MonoManager ReloadAssembly
- Loaded All Assemblies, in  0.890 seconds
Refreshing native plugins compatible for Editor in 1.58 ms, found 3 plugins.
Native extension for WindowsStandalone target not found
Mono: successfully reloaded assembly
- Finished resetting the current domain, in  0.710 seconds
Domain Reload Profiling: 1593ms
	BeginReloadAssembly (248ms)
		ExecutionOrderSort (0ms)
		DisableScriptedObjects (28ms)
		BackupInstance (0ms)
		ReleaseScriptingObjects (0ms)
		CreateAndSetChildDomain (68ms)
	RebuildCommonClasses (38ms)
	RebuildNativeTypeToScriptingClass (12ms)
	initialDomainReloadingComplete (42ms)
	LoadAllAssembliesAndSetupDomain (543ms)
		LoadAssemblies (428ms)
		RebuildTransferFunctionScriptingTraits (0ms)
		AnalyzeDomain (222ms)
			TypeCache.Refresh (14ms)
				TypeCache.ScanAssembly (1ms)
			BuildScriptInfoCaches (195ms)
			ResolveRequiredComponents (10ms)
	FinalizeReload (710ms)
		ReleaseScriptCaches (0ms)
		RebuildScriptCaches (0ms)
		SetupLoadedEditorAssemblies (511ms)
			LogAssemblyErrors (0ms)
			InitializePlatformSupportModulesInManaged (2ms)
			SetLoadedEditorAssemblies (6ms)
			BeforeProcessingInitializeOnLoad (107ms)
			ProcessInitializeOnLoadAttributes (333ms)
			ProcessInitializeOnLoadMethodAttributes (55ms)
			AfterProcessingInitializeOnLoad (7ms)
			EditorAssembliesLoaded (0ms)
		ExecutionOrderSort2 (0ms)
		AwakeInstancesAfterBackupRestoration (15ms)
Refreshing native plugins compatible for Editor in 1.90 ms, found 3 plugins.
Preloading 0 native plugins for Editor in 0.00 ms.
Unloading 13 Unused Serialized files (Serialized files now loaded: 0)
Unloading 5960 unused Assets / (4.1 MB). Loaded Objects now: 7144.
Memory consumption went from 227.4 MB to 223.3 MB.
Total: 10.864400 ms (FindLiveObjects: 0.857600 ms CreateObjectMapping: 0.948900 ms MarkObjects: 5.766200 ms  DeleteObjects: 3.290800 ms)

Prepare: number of updated asset objects reloaded= 0
========================================================================
Received Prepare
Begin MonoManager ReloadAssembly
- Loaded All Assemblies, in  0.706 seconds
Refreshing native plugins compatible for Editor in 1.45 ms, found 3 plugins.
Native extension for WindowsStandalone target not found
Mono: successfully reloaded assembly
- Finished resetting the current domain, in  0.681 seconds
Domain Reload Profiling: 1384ms
	BeginReloadAssembly (190ms)
		ExecutionOrderSort (0ms)
		DisableScriptedObjects (6ms)
		BackupInstance (0ms)
		ReleaseScriptingObjects (0ms)
		CreateAndSetChildDomain (49ms)
	RebuildCommonClasses (30ms)
	RebuildNativeTypeToScriptingClass (10ms)
	initialDomainReloadingComplete (29ms)
	LoadAllAssembliesAndSetupDomain (443ms)
		LoadAssemblies (363ms)
		RebuildTransferFunctionScriptingTraits (0ms)
		AnalyzeDomain (170ms)
			TypeCache.Refresh (6ms)
				TypeCache.ScanAssembly (0ms)
			BuildScriptInfoCaches (151ms)
			ResolveRequiredComponents (10ms)
	FinalizeReload (682ms)
		ReleaseScriptCaches (0ms)
		RebuildScriptCaches (0ms)
		SetupLoadedEditorAssemblies (498ms)
			LogAssemblyErrors (0ms)
			InitializePlatformSupportModulesInManaged (2ms)
			SetLoadedEditorAssemblies (6ms)
			BeforeProcessingInitializeOnLoad (104ms)
			ProcessInitializeOnLoadAttributes (333ms)
			ProcessInitializeOnLoadMethodAttributes (45ms)
			AfterProcessingInitializeOnLoad (7ms)
			EditorAssembliesLoaded (0ms)
		ExecutionOrderSort2 (0ms)
		AwakeInstancesAfterBackupRestoration (14ms)
Refreshing native plugins compatible for Editor in 1.62 ms, found 3 plugins.
Preloading 0 native plugins for Editor in 0.00 ms.
Unloading 13 Unused Serialized files (Serialized files now loaded: 0)
Unloading 5957 unused Assets / (3.9 MB). Loaded Objects now: 7146.
Memory consumption went from 227.3 MB to 223.4 MB.
Total: 8.570500 ms (FindLiveObjects: 0.863900 ms CreateObjectMapping: 0.697900 ms MarkObjects: 4.482400 ms  DeleteObjects: 2.525200 ms)

Prepare: number of updated asset objects reloaded= 0
========================================================================
Received Prepare
Begin MonoManager ReloadAssembly
- Loaded All Assemblies, in  0.832 seconds
Refreshing native plugins compatible for Editor in 1.91 ms, found 3 plugins.
Native extension for WindowsStandalone target not found
Mono: successfully reloaded assembly
- Finished resetting the current domain, in  0.701 seconds
Domain Reload Profiling: 1529ms
	BeginReloadAssembly (226ms)
		ExecutionOrderSort (0ms)
		DisableScriptedObjects (6ms)
		BackupInstance (0ms)
		ReleaseScriptingObjects (0ms)
		CreateAndSetChildDomain (56ms)
	RebuildCommonClasses (39ms)
	RebuildNativeTypeToScriptingClass (10ms)
	initialDomainReloadingComplete (35ms)
	LoadAllAssembliesAndSetupDomain (517ms)
		LoadAssemblies (436ms)
		RebuildTransferFunctionScriptingTraits (0ms)
		AnalyzeDomain (193ms)
			TypeCache.Refresh (12ms)
				TypeCache.ScanAssembly (1ms)
			BuildScriptInfoCaches (164ms)
			ResolveRequiredComponents (13ms)
	FinalizeReload (702ms)
		ReleaseScriptCaches (0ms)
		RebuildScriptCaches (0ms)
		SetupLoadedEditorAssemblies (517ms)
			LogAssemblyErrors (0ms)
			InitializePlatformSupportModulesInManaged (3ms)
			SetLoadedEditorAssemblies (5ms)
			BeforeProcessingInitializeOnLoad (112ms)
			ProcessInitializeOnLoadAttributes (347ms)
			ProcessInitializeOnLoadMethodAttributes (44ms)
			AfterProcessingInitializeOnLoad (7ms)
			EditorAssembliesLoaded (0ms)
		ExecutionOrderSort2 (0ms)
		AwakeInstancesAfterBackupRestoration (14ms)
Refreshing native plugins compatible for Editor in 1.62 ms, found 3 plugins.
Preloading 0 native plugins for Editor in 0.00 ms.
Unloading 13 Unused Serialized files (Serialized files now loaded: 0)
Unloading 5957 unused Assets / (4.2 MB). Loaded Objects now: 7148.
Memory consumption went from 227.2 MB to 223.0 MB.
Total: 10.465700 ms (FindLiveObjects: 0.910300 ms CreateObjectMapping: 0.984600 ms MarkObjects: 5.540600 ms  DeleteObjects: 3.029000 ms)

Prepare: number of updated asset objects reloaded= 0
========================================================================
Received Prepare
Begin MonoManager ReloadAssembly
- Loaded All Assemblies, in  0.715 seconds
Refreshing native plugins compatible for Editor in 1.45 ms, found 3 plugins.
Native extension for WindowsStandalone target not found
Mono: successfully reloaded assembly
- Finished resetting the current domain, in  0.687 seconds
Domain Reload Profiling: 1400ms
	BeginReloadAssembly (190ms)
		ExecutionOrderSort (0ms)
		DisableScriptedObjects (7ms)
		BackupInstance (0ms)
		ReleaseScriptingObjects (0ms)
		CreateAndSetChildDomain (47ms)
	RebuildCommonClasses (30ms)
	RebuildNativeTypeToScriptingClass (10ms)
	initialDomainReloadingComplete (29ms)
	LoadAllAssembliesAndSetupDomain (453ms)
		LoadAssemblies (357ms)
		RebuildTransferFunctionScriptingTraits (0ms)
		AnalyzeDomain (187ms)
			TypeCache.Refresh (7ms)
				TypeCache.ScanAssembly (0ms)
			BuildScriptInfoCaches (168ms)
			ResolveRequiredComponents (9ms)
	FinalizeReload (688ms)
		ReleaseScriptCaches (0ms)
		RebuildScriptCaches (0ms)
		SetupLoadedEditorAssemblies (514ms)
			LogAssemblyErrors (0ms)
			InitializePlatformSupportModulesInManaged (2ms)
			SetLoadedEditorAssemblies (4ms)
			BeforeProcessingInitializeOnLoad (100ms)
			ProcessInitializeOnLoadAttributes (352ms)
			ProcessInitializeOnLoadMethodAttributes (46ms)
			AfterProcessingInitializeOnLoad (9ms)
			EditorAssembliesLoaded (0ms)
		ExecutionOrderSort2 (0ms)
		AwakeInstancesAfterBackupRestoration (14ms)
Refreshing native plugins compatible for Editor in 1.97 ms, found 3 plugins.
Preloading 0 native plugins for Editor in 0.00 ms.
Unloading 13 Unused Serialized files (Serialized files now loaded: 0)
Unloading 5957 unused Assets / (4.5 MB). Loaded Objects now: 7150.
Memory consumption went from 227.2 MB to 222.7 MB.
Total: 12.044700 ms (FindLiveObjects: 0.956100 ms CreateObjectMapping: 0.984900 ms MarkObjects: 5.498100 ms  DeleteObjects: 4.603900 ms)

Prepare: number of updated asset objects reloaded= 0
========================================================================
Received Prepare
Begin MonoManager ReloadAssembly
- Loaded All Assemblies, in  0.767 seconds
Refreshing native plugins compatible for Editor in 1.49 ms, found 3 plugins.
Native extension for WindowsStandalone target not found
Mono: successfully reloaded assembly
- Finished resetting the current domain, in  0.682 seconds
Domain Reload Profiling: 1446ms
	BeginReloadAssembly (213ms)
		ExecutionOrderSort (0ms)
		DisableScriptedObjects (8ms)
		BackupInstance (0ms)
		ReleaseScriptingObjects (0ms)
		CreateAndSetChildDomain (47ms)
	RebuildCommonClasses (41ms)
	RebuildNativeTypeToScriptingClass (16ms)
	initialDomainReloadingComplete (31ms)
	LoadAllAssembliesAndSetupDomain (463ms)
		LoadAssemblies (382ms)
		RebuildTransferFunctionScriptingTraits (0ms)
		AnalyzeDomain (186ms)
			TypeCache.Refresh (9ms)
				TypeCache.ScanAssembly (0ms)
			BuildScriptInfoCaches (164ms)
			ResolveRequiredComponents (9ms)
	FinalizeReload (683ms)
		ReleaseScriptCaches (0ms)
		RebuildScriptCaches (0ms)
		SetupLoadedEditorAssemblies (508ms)
			LogAssemblyErrors (0ms)
			InitializePlatformSupportModulesInManaged (2ms)
			SetLoadedEditorAssemblies (4ms)
			BeforeProcessingInitializeOnLoad (102ms)
			ProcessInitializeOnLoadAttributes (340ms)
			ProcessInitializeOnLoadMethodAttributes (52ms)
			AfterProcessingInitializeOnLoad (8ms)
			EditorAssembliesLoaded (0ms)
		ExecutionOrderSort2 (0ms)
		AwakeInstancesAfterBackupRestoration (18ms)
Refreshing native plugins compatible for Editor in 1.86 ms, found 3 plugins.
Preloading 0 native plugins for Editor in 0.00 ms.
Unloading 13 Unused Serialized files (Serialized files now loaded: 0)
Unloading 5957 unused Assets / (3.8 MB). Loaded Objects now: 7152.
Memory consumption went from 227.2 MB to 223.4 MB.
Total: 9.655400 ms (FindLiveObjects: 1.577400 ms CreateObjectMapping: 1.632400 ms MarkObjects: 4.230100 ms  DeleteObjects: 2.214300 ms)

Prepare: number of updated asset objects reloaded= 0
========================================================================
Received Prepare
Begin MonoManager ReloadAssembly
- Loaded All Assemblies, in  0.712 seconds
Refreshing native plugins compatible for Editor in 1.50 ms, found 3 plugins.
Native extension for WindowsStandalone target not found
Mono: successfully reloaded assembly
- Finished resetting the current domain, in  0.681 seconds
Domain Reload Profiling: 1389ms
	BeginReloadAssembly (193ms)
		ExecutionOrderSort (0ms)
		DisableScriptedObjects (6ms)
		BackupInstance (0ms)
		ReleaseScriptingObjects (0ms)
		CreateAndSetChildDomain (47ms)
	RebuildCommonClasses (31ms)
	RebuildNativeTypeToScriptingClass (10ms)
	initialDomainReloadingComplete (30ms)
	LoadAllAssembliesAndSetupDomain (444ms)
		LoadAssemblies (358ms)
		RebuildTransferFunctionScriptingTraits (0ms)
		AnalyzeDomain (180ms)
			TypeCache.Refresh (9ms)
				TypeCache.ScanAssembly (1ms)
			BuildScriptInfoCaches (159ms)
			ResolveRequiredComponents (9ms)
	FinalizeReload (681ms)
		ReleaseScriptCaches (0ms)
		RebuildScriptCaches (0ms)
		SetupLoadedEditorAssemblies (510ms)
			LogAssemblyErrors (0ms)
			InitializePlatformSupportModulesInManaged (2ms)
			SetLoadedEditorAssemblies (4ms)
			BeforeProcessingInitializeOnLoad (100ms)
			ProcessInitializeOnLoadAttributes (353ms)
			ProcessInitializeOnLoadMethodAttributes (44ms)
			AfterProcessingInitializeOnLoad (7ms)
			EditorAssembliesLoaded (0ms)
		ExecutionOrderSort2 (0ms)
		AwakeInstancesAfterBackupRestoration (16ms)
Refreshing native plugins compatible for Editor in 1.56 ms, found 3 plugins.
Preloading 0 native plugins for Editor in 0.00 ms.
Unloading 13 Unused Serialized files (Serialized files now loaded: 0)
Unloading 5957 unused Assets / (4.1 MB). Loaded Objects now: 7154.
Memory consumption went from 227.2 MB to 223.1 MB.
Total: 9.161000 ms (FindLiveObjects: 0.747600 ms CreateObjectMapping: 0.410300 ms MarkObjects: 4.308000 ms  DeleteObjects: 3.694300 ms)

Prepare: number of updated asset objects reloaded= 0
========================================================================
Received Prepare
Begin MonoManager ReloadAssembly
- Loaded All Assemblies, in  0.714 seconds
Refreshing native plugins compatible for Editor in 1.47 ms, found 3 plugins.
Native extension for WindowsStandalone target not found
Mono: successfully reloaded assembly
- Finished resetting the current domain, in  0.670 seconds
Domain Reload Profiling: 1382ms
	BeginReloadAssembly (200ms)
		ExecutionOrderSort (0ms)
		DisableScriptedObjects (6ms)
		BackupInstance (0ms)
		ReleaseScriptingObjects (0ms)
		CreateAndSetChildDomain (46ms)
	RebuildCommonClasses (31ms)
	RebuildNativeTypeToScriptingClass (10ms)
	initialDomainReloadingComplete (33ms)
	LoadAllAssembliesAndSetupDomain (437ms)
		LoadAssemblies (366ms)
		RebuildTransferFunctionScriptingTraits (0ms)
		AnalyzeDomain (175ms)
			TypeCache.Refresh (6ms)
				TypeCache.ScanAssembly (0ms)
			BuildScriptInfoCaches (154ms)
			ResolveRequiredComponents (12ms)
	FinalizeReload (671ms)
		ReleaseScriptCaches (0ms)
		RebuildScriptCaches (0ms)
		SetupLoadedEditorAssemblies (496ms)
			LogAssemblyErrors (0ms)
			InitializePlatformSupportModulesInManaged (2ms)
			SetLoadedEditorAssemblies (4ms)
			BeforeProcessingInitializeOnLoad (104ms)
			ProcessInitializeOnLoadAttributes (333ms)
			ProcessInitializeOnLoadMethodAttributes (46ms)
			AfterProcessingInitializeOnLoad (7ms)
			EditorAssembliesLoaded (0ms)
		ExecutionOrderSort2 (0ms)
		AwakeInstancesAfterBackupRestoration (15ms)
Refreshing native plugins compatible for Editor in 2.40 ms, found 3 plugins.
Preloading 0 native plugins for Editor in 0.00 ms.
Unloading 13 Unused Serialized files (Serialized files now loaded: 0)
Unloading 5957 unused Assets / (4.5 MB). Loaded Objects now: 7156.
Memory consumption went from 227.2 MB to 222.7 MB.
Total: 11.953000 ms (FindLiveObjects: 1.014500 ms CreateObjectMapping: 0.945600 ms MarkObjects: 5.270500 ms  DeleteObjects: 4.721300 ms)

Prepare: number of updated asset objects reloaded= 0
========================================================================
Received Prepare
Begin MonoManager ReloadAssembly
- Loaded All Assemblies, in  0.703 seconds
Refreshing native plugins compatible for Editor in 1.65 ms, found 3 plugins.
Native extension for WindowsStandalone target not found
Mono: successfully reloaded assembly
- Finished resetting the current domain, in  0.662 seconds
Domain Reload Profiling: 1361ms
	BeginReloadAssembly (187ms)
		ExecutionOrderSort (0ms)
		DisableScriptedObjects (6ms)
		BackupInstance (0ms)
		ReleaseScriptingObjects (0ms)
		CreateAndSetChildDomain (46ms)
	RebuildCommonClasses (31ms)
	RebuildNativeTypeToScriptingClass (10ms)
	initialDomainReloadingComplete (32ms)
	LoadAllAssembliesAndSetupDomain (438ms)
		LoadAssemblies (353ms)
		RebuildTransferFunctionScriptingTraits (0ms)
		AnalyzeDomain (176ms)
			TypeCache.Refresh (7ms)
				TypeCache.ScanAssembly (0ms)
			BuildScriptInfoCaches (156ms)
			ResolveRequiredComponents (9ms)
	FinalizeReload (662ms)
		ReleaseScriptCaches (0ms)
		RebuildScriptCaches (0ms)
		SetupLoadedEditorAssemblies (491ms)
			LogAssemblyErrors (0ms)
			InitializePlatformSupportModulesInManaged (2ms)
			SetLoadedEditorAssemblies (4ms)
			BeforeProcessingInitializeOnLoad (103ms)
			ProcessInitializeOnLoadAttributes (328ms)
			ProcessInitializeOnLoadMethodAttributes (47ms)
			AfterProcessingInitializeOnLoad (7ms)
			EditorAssembliesLoaded (0ms)
		ExecutionOrderSort2 (0ms)
		AwakeInstancesAfterBackupRestoration (14ms)
Refreshing native plugins compatible for Editor in 1.73 ms, found 3 plugins.
Preloading 0 native plugins for Editor in 0.00 ms.
Unloading 13 Unused Serialized files (Serialized files now loaded: 0)
Unloading 5957 unused Assets / (4.1 MB). Loaded Objects now: 7158.
Memory consumption went from 227.2 MB to 223.1 MB.
Total: 11.149800 ms (FindLiveObjects: 0.981900 ms CreateObjectMapping: 0.730500 ms MarkObjects: 5.975500 ms  DeleteObjects: 3.460600 ms)

Prepare: number of updated asset objects reloaded= 0
========================================================================
Received Import Request.
  Time since last request: 379.968373 seconds.
  path: Assets/Assets/Resources/basic tile.prefab
  artifactKey: Guid(db63c26766597bb459cf43cdf52cad86) Importer(815301076,1909f56bfc062723c751e8b465ee728b)
Start importing Assets/Assets/Resources/basic tile.prefab using Guid(db63c26766597bb459cf43cdf52cad86) Importer(815301076,1909f56bfc062723c751e8b465ee728b) (PreviewImporter) -> (artifact id: '423f8e7f67927d1893c8471e9f04568e') in 0.4562832 seconds
Number of updated asset objects reloaded before import = 0Number of asset objects unloaded after import = 46

========================================================================
Received Import Request.
  Time since last request: 0.000026 seconds.
  path: Assets/Assets/Resources/tile chunk.prefab
  artifactKey: Guid(988297465e54ca442996f357190fd441) Importer(815301076,1909f56bfc062723c751e8b465ee728b)
Start importing Assets/Assets/Resources/tile chunk.prefab using Guid(988297465e54ca442996f357190fd441) Importer(815301076,1909f56bfc062723c751e8b465ee728b) (PreviewImporter) -> (artifact id: '8e04d563e08b02a16aa3ebc662e235ea') in 0.0556697 seconds
Number of updated asset objects reloaded before import = 0Number of asset objects unloaded after import = 1795

========================================================================
Received Import Request.
  Time since last request: 10.888427 seconds.
  path: Assets/Assets/Resources/buildable tile.prefab
  artifactKey: Guid(755079f8ce9e7234a8e69bcb92964c6e) Importer(815301076,1909f56bfc062723c751e8b465ee728b)
Start importing Assets/Assets/Resources/buildable tile.prefab using Guid(755079f8ce9e7234a8e69bcb92964c6e) Importer(815301076,1909f56bfc062723c751e8b465ee728b) (PreviewImporter) -> (artifact id: '63edc7544bbd03072d55e29e16a5d631') in 0.0337943 seconds
Number of updated asset objects reloaded before import = 0Number of asset objects unloaded after import = 178

========================================================================
Received Import Request.
  Time since last request: 0.000060 seconds.
  path: Assets/Assets/Resources/tile chunk.prefab
  artifactKey: Guid(988297465e54ca442996f357190fd441) Importer(815301076,1909f56bfc062723c751e8b465ee728b)
Start importing Assets/Assets/Resources/tile chunk.prefab using Guid(988297465e54ca442996f357190fd441) Importer(815301076,1909f56bfc062723c751e8b465ee728b) (PreviewImporter) -> (artifact id: '14a140f070853e16b10fe2c70c63a04a') in 0.1249354 seconds
Number of updated asset objects reloaded before import = 0Number of asset objects unloaded after import = 1794

========================================================================
Received Import Request.
  Time since last request: 14.347120 seconds.
  path: Assets/Materials/bark.mat
  artifactKey: Guid(4e1a27ef3166f8c48b651916b51f0fa9) Importer(815301076,1909f56bfc062723c751e8b465ee728b)
Start importing Assets/Materials/bark.mat using Guid(4e1a27ef3166f8c48b651916b51f0fa9) Importer(815301076,1909f56bfc062723c751e8b465ee728b) (PreviewImporter) -> (artifact id: 'ad903c9998cdb8eeb76ddc8c08495912') in 0.0373059 seconds
Number of updated asset objects reloaded before import = 0Number of asset objects unloaded after import = 1

========================================================================
Received Import Request.
  Time since last request: 0.000028 seconds.
  path: Assets/Materials/Grass.mat
  artifactKey: Guid(5cd6af61ab2c5cb4989219db0acbe725) Importer(815301076,1909f56bfc062723c751e8b465ee728b)
Start importing Assets/Materials/Grass.mat using Guid(5cd6af61ab2c5cb4989219db0acbe725) Importer(815301076,1909f56bfc062723c751e8b465ee728b) (PreviewImporter) -> (artifact id: '583d903164c9146f32df7a392f900be5') in 0.0244395 seconds
Number of updated asset objects reloaded before import = 0Number of asset objects unloaded after import = 1

========================================================================
Received Import Request.
  Time since last request: 0.000049 seconds.
  path: Assets/Materials/select.mat
  artifactKey: Guid(5af49661dd1c81c439590877e2042670) Importer(815301076,1909f56bfc062723c751e8b465ee728b)
Start importing Assets/Materials/select.mat using Guid(5af49661dd1c81c439590877e2042670) Importer(815301076,1909f56bfc062723c751e8b465ee728b) (PreviewImporter) -> (artifact id: 'b1f94e1eada686ace691ac937723b6ee') in 0.0241865 seconds
Number of updated asset objects reloaded before import = 0Number of asset objects unloaded after import = 1

========================================================================
Received Import Request.
  Time since last request: 0.000077 seconds.
  path: Assets/Materials/ghost road.mat
  artifactKey: Guid(a8fa52ec17e64fe4dbfcca3d6aa402b3) Importer(815301076,1909f56bfc062723c751e8b465ee728b)
Start importing Assets/Materials/ghost road.mat using Guid(a8fa52ec17e64fe4dbfcca3d6aa402b3) Importer(815301076,1909f56bfc062723c751e8b465ee728b) (PreviewImporter) -> (artifact id: '2fe8443fb2554f76ba25040d2a00c8b6') in 0.022463 seconds
Number of updated asset objects reloaded before import = 0Number of asset objects unloaded after import = 1

========================================================================
Received Import Request.
  Time since last request: 0.000032 seconds.
  path: Assets/Materials/leaves.mat
  artifactKey: Guid(14a38a21419b0ce4a97930723db8b383) Importer(815301076,1909f56bfc062723c751e8b465ee728b)
Start importing Assets/Materials/leaves.mat using Guid(14a38a21419b0ce4a97930723db8b383) Importer(815301076,1909f56bfc062723c751e8b465ee728b) (PreviewImporter) -> (artifact id: '73bf87fc68487e327851318b6cacda60') in 0.0227623 seconds
Number of updated asset objects reloaded before import = 0Number of asset objects unloaded after import = 1

========================================================================
Received Import Request.
  Time since last request: 0.000028 seconds.
  path: Assets/Materials/hilight.mat
  artifactKey: Guid(0f471dfcf722a2740a51fbf30f3a494d) Importer(815301076,1909f56bfc062723c751e8b465ee728b)
Start importing Assets/Materials/hilight.mat using Guid(0f471dfcf722a2740a51fbf30f3a494d) Importer(815301076,1909f56bfc062723c751e8b465ee728b) (PreviewImporter) -> (artifact id: '50f090931e253bbf6a207bf01a2c1d14') in 0.0232208 seconds
Number of updated asset objects reloaded before import = 0Number of asset objects unloaded after import = 1

========================================================================
Received Import Request.
  Time since last request: 0.000033 seconds.
  path: Assets/Materials/wood.mat
  artifactKey: Guid(117b0e7b56496c3428b2cf943c6fb84e) Importer(815301076,1909f56bfc062723c751e8b465ee728b)
Start importing Assets/Materials/wood.mat using Guid(117b0e7b56496c3428b2cf943c6fb84e) Importer(815301076,1909f56bfc062723c751e8b465ee728b) (PreviewImporter) -> (artifact id: 'abf1c5ddaea669594198855144c03747') in 0.0184464 seconds
Number of updated asset objects reloaded before import = 0Number of asset objects unloaded after import = 1

========================================================================
Received Import Request.
  Time since last request: 0.000044 seconds.
  path: Assets/Materials/dirt.mat
  artifactKey: Guid(5c48146ee2a6d814990d07e560e0e953) Importer(815301076,1909f56bfc062723c751e8b465ee728b)
Start importing Assets/Materials/dirt.mat using Guid(5c48146ee2a6d814990d07e560e0e953) Importer(815301076,1909f56bfc062723c751e8b465ee728b) (PreviewImporter) -> (artifact id: 'b350aa5a108e38e6b8a5fe4705e63f89') in 0.0192916 seconds
Number of updated asset objects reloaded before import = 0Number of asset objects unloaded after import = 1

========================================================================
Received Import Request.
  Time since last request: 52.073172 seconds.
  path: Assets/Assets/Resources/buildable tile.prefab
  artifactKey: Guid(755079f8ce9e7234a8e69bcb92964c6e) Importer(815301076,1909f56bfc062723c751e8b465ee728b)
Start importing Assets/Assets/Resources/buildable tile.prefab using Guid(755079f8ce9e7234a8e69bcb92964c6e) Importer(815301076,1909f56bfc062723c751e8b465ee728b) (PreviewImporter) -> (artifact id: '346e367457717fb55ad36a96e9c598fd') in 0.0434468 seconds
Number of updated asset objects reloaded before import = 0Number of asset objects unloaded after import = 178

========================================================================
Received Import Request.
  Time since last request: 0.000030 seconds.
  path: Assets/Assets/Resources/tile chunk.prefab
  artifactKey: Guid(988297465e54ca442996f357190fd441) Importer(815301076,1909f56bfc062723c751e8b465ee728b)
Start importing Assets/Assets/Resources/tile chunk.prefab using Guid(988297465e54ca442996f357190fd441) Importer(815301076,1909f56bfc062723c751e8b465ee728b) (PreviewImporter) -> (artifact id: 'f0674ff5de645dfe5c3ef70c5a20a055') in 0.0643706 seconds
Number of updated asset objects reloaded before import = 0Number of asset objects unloaded after import = 1794

========================================================================
Received Import Request.
  Time since last request: 4.809446 seconds.
  path: Assets/Assets/Resources/buildable tile.prefab
  artifactKey: Guid(755079f8ce9e7234a8e69bcb92964c6e) Importer(815301076,1909f56bfc062723c751e8b465ee728b)
Start importing Assets/Assets/Resources/buildable tile.prefab using Guid(755079f8ce9e7234a8e69bcb92964c6e) Importer(815301076,1909f56bfc062723c751e8b465ee728b) (PreviewImporter) -> (artifact id: '53445e0eebd919d9ecd2ea0c5c51a122') in 0.0165296 seconds
Number of updated asset objects reloaded before import = 0Number of asset objects unloaded after import = 74

========================================================================
Received Import Request.
  Time since last request: 0.000068 seconds.
  path: Assets/Assets/Resources/tile chunk.prefab
  artifactKey: Guid(988297465e54ca442996f357190fd441) Importer(815301076,1909f56bfc062723c751e8b465ee728b)
Start importing Assets/Assets/Resources/tile chunk.prefab using Guid(988297465e54ca442996f357190fd441) Importer(815301076,1909f56bfc062723c751e8b465ee728b) (PreviewImporter) -> (artifact id: '34a43ef63a98dd75e1d9dd7400a354d5') in 0.0704817 seconds
Number of updated asset objects reloaded before import = 0Number of asset objects unloaded after import = 1794

========================================================================
Received Import Request.
  Time since last request: 17.599813 seconds.
  path: Assets/Assets/Resources/buildable tile.prefab
  artifactKey: Guid(755079f8ce9e7234a8e69bcb92964c6e) Importer(815301076,1909f56bfc062723c751e8b465ee728b)
Start importing Assets/Assets/Resources/buildable tile.prefab using Guid(755079f8ce9e7234a8e69bcb92964c6e) Importer(815301076,1909f56bfc062723c751e8b465ee728b) (PreviewImporter) -> (artifact id: '1cf5e6c7889433b2e192b6aec2d69507') in 0.0319795 seconds
Number of updated asset objects reloaded before import = 0Number of asset objects unloaded after import = 178

========================================================================
Received Import Request.
  Time since last request: 0.000097 seconds.
  path: Assets/Assets/Resources/tile chunk.prefab
  artifactKey: Guid(988297465e54ca442996f357190fd441) Importer(815301076,1909f56bfc062723c751e8b465ee728b)
Start importing Assets/Assets/Resources/tile chunk.prefab using Guid(988297465e54ca442996f357190fd441) Importer(815301076,1909f56bfc062723c751e8b465ee728b) (PreviewImporter) -> (artifact id: 'f9e36904054e6dbf113cb2d4e081d2f9') in 0.0607974 seconds
Number of updated asset objects reloaded before import = 0Number of asset objects unloaded after import = 1794

========================================================================
Received Prepare
Begin MonoManager ReloadAssembly
- Loaded All Assemblies, in  0.761 seconds
Refreshing native plugins compatible for Editor in 1.56 ms, found 3 plugins.
Native extension for WindowsStandalone target not found
Mono: successfully reloaded assembly
- Finished resetting the current domain, in  0.686 seconds
Domain Reload Profiling: 1443ms
	BeginReloadAssembly (223ms)
		ExecutionOrderSort (0ms)
		DisableScriptedObjects (20ms)
		BackupInstance (0ms)
		ReleaseScriptingObjects (0ms)
		CreateAndSetChildDomain (61ms)
	RebuildCommonClasses (31ms)
	RebuildNativeTypeToScriptingClass (11ms)
	initialDomainReloadingComplete (34ms)
	LoadAllAssembliesAndSetupDomain (457ms)
		LoadAssemblies (375ms)
		RebuildTransferFunctionScriptingTraits (0ms)
		AnalyzeDomain (181ms)
			TypeCache.Refresh (9ms)
				TypeCache.ScanAssembly (0ms)
			BuildScriptInfoCaches (158ms)
			ResolveRequiredComponents (10ms)
	FinalizeReload (687ms)
		ReleaseScriptCaches (0ms)
		RebuildScriptCaches (0ms)
		SetupLoadedEditorAssemblies (507ms)
			LogAssemblyErrors (0ms)
			InitializePlatformSupportModulesInManaged (2ms)
			SetLoadedEditorAssemblies (4ms)
			BeforeProcessingInitializeOnLoad (104ms)
			ProcessInitializeOnLoadAttributes (343ms)
			ProcessInitializeOnLoadMethodAttributes (47ms)
			AfterProcessingInitializeOnLoad (7ms)
			EditorAssembliesLoaded (0ms)
		ExecutionOrderSort2 (0ms)
		AwakeInstancesAfterBackupRestoration (13ms)
Refreshing native plugins compatible for Editor in 1.99 ms, found 3 plugins.
Preloading 0 native plugins for Editor in 0.00 ms.
Unloading 13 Unused Serialized files (Serialized files now loaded: 0)
Unloading 5958 unused Assets / (4.2 MB). Loaded Objects now: 7180.
Memory consumption went from 232.6 MB to 228.4 MB.
Total: 11.345100 ms (FindLiveObjects: 1.511900 ms CreateObjectMapping: 1.685800 ms MarkObjects: 5.330500 ms  DeleteObjects: 2.816000 ms)

Prepare: number of updated asset objects reloaded= 0
========================================================================
Received Prepare
Refreshing native plugins compatible for Editor in 2.10 ms, found 3 plugins.
Preloading 0 native plugins for Editor in 0.00 ms.
Unloading 13 Unused Serialized files (Serialized files now loaded: 0)
Unloading 5950 unused Assets / (3.9 MB). Loaded Objects now: 7180.
Memory consumption went from 232.6 MB to 228.7 MB.
Total: 14.413500 ms (FindLiveObjects: 1.501900 ms CreateObjectMapping: 1.787200 ms MarkObjects: 7.704600 ms  DeleteObjects: 3.418100 ms)

Prepare: number of updated asset objects reloaded= 0
========================================================================
Received Import Request.
  Time since last request: 84.510325 seconds.
  path: Assets/Assets/Resources/basic tile.prefab
  artifactKey: Guid(db63c26766597bb459cf43cdf52cad86) Importer(815301076,1909f56bfc062723c751e8b465ee728b)
Start importing Assets/Assets/Resources/basic tile.prefab using Guid(db63c26766597bb459cf43cdf52cad86) Importer(815301076,1909f56bfc062723c751e8b465ee728b) (PreviewImporter) -> (artifact id: 'c1b0e407d2c6c648859c5abc6228331f') in 0.5192858 seconds
Number of updated asset objects reloaded before import = 0Number of asset objects unloaded after import = 46

========================================================================
Received Import Request.
  Time since last request: 0.000027 seconds.
  path: Assets/Assets/Resources/buildable tile.prefab
  artifactKey: Guid(755079f8ce9e7234a8e69bcb92964c6e) Importer(815301076,1909f56bfc062723c751e8b465ee728b)
Start importing Assets/Assets/Resources/buildable tile.prefab using Guid(755079f8ce9e7234a8e69bcb92964c6e) Importer(815301076,1909f56bfc062723c751e8b465ee728b) (PreviewImporter) -> (artifact id: '5a1ecb8cffe43124c0ad233968ac0fc2') in 0.0372787 seconds
Number of updated asset objects reloaded before import = 0Number of asset objects unloaded after import = 178

========================================================================
Received Import Request.
  Time since last request: 0.000044 seconds.
  path: Assets/Assets/Resources/purchasable tile.prefab
  artifactKey: Guid(fe970d315aded9c439b668619cd017aa) Importer(815301076,1909f56bfc062723c751e8b465ee728b)
Start importing Assets/Assets/Resources/purchasable tile.prefab using Guid(fe970d315aded9c439b668619cd017aa) Importer(815301076,1909f56bfc062723c751e8b465ee728b) (PreviewImporter) -> (artifact id: '428c432b669ed4de0423f7852318ee50') in 0.142828 seconds
Number of updated asset objects reloaded before import = 0Number of asset objects unloaded after import = 3351

========================================================================
Received Prepare
Refreshing native plugins compatible for Editor in 1.64 ms, found 3 plugins.
Preloading 0 native plugins for Editor in 0.00 ms.
Unloading 13 Unused Serialized files (Serialized files now loaded: 0)
Unloading 5953 unused Assets / (4.3 MB). Loaded Objects now: 7321.
Memory consumption went from 240.6 MB to 236.4 MB.
Total: 11.199600 ms (FindLiveObjects: 0.828200 ms CreateObjectMapping: 0.497000 ms MarkObjects: 6.927400 ms  DeleteObjects: 2.946100 ms)

Prepare: number of updated asset objects reloaded= 0
========================================================================
Received Prepare
Begin MonoManager ReloadAssembly
- Loaded All Assemblies, in  0.890 seconds
Refreshing native plugins compatible for Editor in 1.51 ms, found 3 plugins.
Native extension for WindowsStandalone target not found
Mono: successfully reloaded assembly
- Finished resetting the current domain, in  0.734 seconds
Domain Reload Profiling: 1618ms
	BeginReloadAssembly (236ms)
		ExecutionOrderSort (0ms)
		DisableScriptedObjects (19ms)
		BackupInstance (0ms)
		ReleaseScriptingObjects (0ms)
		CreateAndSetChildDomain (72ms)
	RebuildCommonClasses (48ms)
	RebuildNativeTypeToScriptingClass (16ms)
	initialDomainReloadingComplete (37ms)
	LoadAllAssembliesAndSetupDomain (547ms)
		LoadAssemblies (436ms)
		RebuildTransferFunctionScriptingTraits (0ms)
		AnalyzeDomain (211ms)
			TypeCache.Refresh (13ms)
				TypeCache.ScanAssembly (1ms)
			BuildScriptInfoCaches (186ms)
			ResolveRequiredComponents (9ms)
	FinalizeReload (735ms)
		ReleaseScriptCaches (0ms)
		RebuildScriptCaches (0ms)
		SetupLoadedEditorAssemblies (544ms)
			LogAssemblyErrors (0ms)
			InitializePlatformSupportModulesInManaged (2ms)
			SetLoadedEditorAssemblies (5ms)
			BeforeProcessingInitializeOnLoad (120ms)
			ProcessInitializeOnLoadAttributes (363ms)
			ProcessInitializeOnLoadMethodAttributes (46ms)
			AfterProcessingInitializeOnLoad (7ms)
			EditorAssembliesLoaded (0ms)
		ExecutionOrderSort2 (0ms)
		AwakeInstancesAfterBackupRestoration (13ms)
Refreshing native plugins compatible for Editor in 1.70 ms, found 3 plugins.
Preloading 0 native plugins for Editor in 0.00 ms.
Unloading 13 Unused Serialized files (Serialized files now loaded: 0)
Unloading 5957 unused Assets / (4.3 MB). Loaded Objects now: 7202.
Memory consumption went from 236.7 MB to 232.4 MB.
Total: 10.319500 ms (FindLiveObjects: 0.838600 ms CreateObjectMapping: 0.608900 ms MarkObjects: 5.482200 ms  DeleteObjects: 3.388100 ms)

Prepare: number of updated asset objects reloaded= 0
========================================================================
Received Prepare
Begin MonoManager ReloadAssembly
- Loaded All Assemblies, in  0.870 seconds
Refreshing native plugins compatible for Editor in 1.62 ms, found 3 plugins.
Native extension for WindowsStandalone target not found
Mono: successfully reloaded assembly
- Finished resetting the current domain, in  0.687 seconds
Domain Reload Profiling: 1554ms
	BeginReloadAssembly (212ms)
		ExecutionOrderSort (0ms)
		DisableScriptedObjects (9ms)
		BackupInstance (0ms)
		ReleaseScriptingObjects (0ms)
		CreateAndSetChildDomain (49ms)
	RebuildCommonClasses (34ms)
	RebuildNativeTypeToScriptingClass (13ms)
	initialDomainReloadingComplete (43ms)
	LoadAllAssembliesAndSetupDomain (564ms)
		LoadAssemblies (433ms)
		RebuildTransferFunctionScriptingTraits (0ms)
		AnalyzeDomain (231ms)
			TypeCache.Refresh (14ms)
				TypeCache.ScanAssembly (1ms)
			BuildScriptInfoCaches (199ms)
			ResolveRequiredComponents (14ms)
	FinalizeReload (688ms)
		ReleaseScriptCaches (0ms)
		RebuildScriptCaches (0ms)
		SetupLoadedEditorAssemblies (502ms)
			LogAssemblyErrors (0ms)
			InitializePlatformSupportModulesInManaged (2ms)
			SetLoadedEditorAssemblies (4ms)
			BeforeProcessingInitializeOnLoad (108ms)
			ProcessInitializeOnLoadAttributes (337ms)
			ProcessInitializeOnLoadMethodAttributes (44ms)
			AfterProcessingInitializeOnLoad (7ms)
			EditorAssembliesLoaded (0ms)
		ExecutionOrderSort2 (0ms)
		AwakeInstancesAfterBackupRestoration (13ms)
Refreshing native plugins compatible for Editor in 1.63 ms, found 3 plugins.
Preloading 0 native plugins for Editor in 0.00 ms.
Unloading 13 Unused Serialized files (Serialized files now loaded: 0)
Unloading 5957 unused Assets / (3.8 MB). Loaded Objects now: 7204.
Memory consumption went from 236.6 MB to 232.8 MB.
Total: 8.594000 ms (FindLiveObjects: 0.862300 ms CreateObjectMapping: 0.494100 ms MarkObjects: 4.744900 ms  DeleteObjects: 2.491700 ms)

Prepare: number of updated asset objects reloaded= 0
========================================================================
Received Prepare
Begin MonoManager ReloadAssembly
- Loaded All Assemblies, in  0.703 seconds
Refreshing native plugins compatible for Editor in 1.42 ms, found 3 plugins.
Native extension for WindowsStandalone target not found
Mono: successfully reloaded assembly
- Finished resetting the current domain, in  0.669 seconds
Domain Reload Profiling: 1369ms
	BeginReloadAssembly (186ms)
		ExecutionOrderSort (0ms)
		DisableScriptedObjects (6ms)
		BackupInstance (0ms)
		ReleaseScriptingObjects (0ms)
		CreateAndSetChildDomain (44ms)
	RebuildCommonClasses (30ms)
	RebuildNativeTypeToScriptingClass (10ms)
	initialDomainReloadingComplete (30ms)
	LoadAllAssembliesAndSetupDomain (444ms)
		LoadAssemblies (361ms)
		RebuildTransferFunctionScriptingTraits (0ms)
		AnalyzeDomain (175ms)
			TypeCache.Refresh (9ms)
				TypeCache.ScanAssembly (0ms)
			BuildScriptInfoCaches (154ms)
			ResolveRequiredComponents (9ms)
	FinalizeReload (670ms)
		ReleaseScriptCaches (0ms)
		RebuildScriptCaches (0ms)
		SetupLoadedEditorAssemblies (496ms)
			LogAssemblyErrors (0ms)
			InitializePlatformSupportModulesInManaged (2ms)
			SetLoadedEditorAssemblies (5ms)
			BeforeProcessingInitializeOnLoad (102ms)
			ProcessInitializeOnLoadAttributes (335ms)
			ProcessInitializeOnLoadMethodAttributes (44ms)
			AfterProcessingInitializeOnLoad (7ms)
			EditorAssembliesLoaded (0ms)
		ExecutionOrderSort2 (0ms)
		AwakeInstancesAfterBackupRestoration (18ms)
Refreshing native plugins compatible for Editor in 1.74 ms, found 3 plugins.
Preloading 0 native plugins for Editor in 0.00 ms.
Unloading 13 Unused Serialized files (Serialized files now loaded: 0)
Unloading 5957 unused Assets / (4.4 MB). Loaded Objects now: 7206.
Memory consumption went from 236.7 MB to 232.3 MB.
Total: 14.134500 ms (FindLiveObjects: 0.954700 ms CreateObjectMapping: 1.189800 ms MarkObjects: 7.544100 ms  DeleteObjects: 4.443600 ms)

Prepare: number of updated asset objects reloaded= 0
========================================================================
Received Prepare
Begin MonoManager ReloadAssembly
- Loaded All Assemblies, in  0.860 seconds
Refreshing native plugins compatible for Editor in 1.50 ms, found 3 plugins.
Native extension for WindowsStandalone target not found
Mono: successfully reloaded assembly
- Finished resetting the current domain, in  0.706 seconds
Domain Reload Profiling: 1562ms
	BeginReloadAssembly (215ms)
		ExecutionOrderSort (0ms)
		DisableScriptedObjects (8ms)
		BackupInstance (0ms)
		ReleaseScriptingObjects (0ms)
		CreateAndSetChildDomain (49ms)
	RebuildCommonClasses (41ms)
	RebuildNativeTypeToScriptingClass (17ms)
	initialDomainReloadingComplete (37ms)
	LoadAllAssembliesAndSetupDomain (547ms)
		LoadAssemblies (441ms)
		RebuildTransferFunctionScriptingTraits (0ms)
		AnalyzeDomain (214ms)
			TypeCache.Refresh (11ms)
				TypeCache.ScanAssembly (1ms)
			BuildScriptInfoCaches (186ms)
			ResolveRequiredComponents (13ms)
	FinalizeReload (706ms)
		ReleaseScriptCaches (0ms)
		RebuildScriptCaches (0ms)
		SetupLoadedEditorAssemblies (528ms)
			LogAssemblyErrors (0ms)
			InitializePlatformSupportModulesInManaged (2ms)
			SetLoadedEditorAssemblies (5ms)
			BeforeProcessingInitializeOnLoad (123ms)
			ProcessInitializeOnLoadAttributes (345ms)
			ProcessInitializeOnLoadMethodAttributes (46ms)
			AfterProcessingInitializeOnLoad (7ms)
			EditorAssembliesLoaded (0ms)
		ExecutionOrderSort2 (0ms)
		AwakeInstancesAfterBackupRestoration (13ms)
Refreshing native plugins compatible for Editor in 1.50 ms, found 3 plugins.
Preloading 0 native plugins for Editor in 0.00 ms.
Unloading 13 Unused Serialized files (Serialized files now loaded: 0)
Unloading 5957 unused Assets / (3.8 MB). Loaded Objects now: 7208.
Memory consumption went from 236.7 MB to 232.9 MB.
Total: 6.680300 ms (FindLiveObjects: 0.707300 ms CreateObjectMapping: 0.307800 ms MarkObjects: 3.860300 ms  DeleteObjects: 1.804300 ms)

Prepare: number of updated asset objects reloaded= 0
========================================================================
Received Prepare
Begin MonoManager ReloadAssembly
- Loaded All Assemblies, in  0.695 seconds
Refreshing native plugins compatible for Editor in 1.63 ms, found 3 plugins.
Native extension for WindowsStandalone target not found
Mono: successfully reloaded assembly
- Finished resetting the current domain, in  0.679 seconds
Domain Reload Profiling: 1371ms
	BeginReloadAssembly (186ms)
		ExecutionOrderSort (0ms)
		DisableScriptedObjects (6ms)
		BackupInstance (0ms)
		ReleaseScriptingObjects (0ms)
		CreateAndSetChildDomain (45ms)
	RebuildCommonClasses (30ms)
	RebuildNativeTypeToScriptingClass (10ms)
	initialDomainReloadingComplete (31ms)
	LoadAllAssembliesAndSetupDomain (435ms)
		LoadAssemblies (359ms)
		RebuildTransferFunctionScriptingTraits (0ms)
		AnalyzeDomain (167ms)
			TypeCache.Refresh (9ms)
				TypeCache.ScanAssembly (0ms)
			BuildScriptInfoCaches (146ms)
			ResolveRequiredComponents (9ms)
	FinalizeReload (679ms)
		ReleaseScriptCaches (0ms)
		RebuildScriptCaches (0ms)
		SetupLoadedEditorAssemblies (503ms)
			LogAssemblyErrors (0ms)
			InitializePlatformSupportModulesInManaged (2ms)
			SetLoadedEditorAssemblies (4ms)
			BeforeProcessingInitializeOnLoad (105ms)
			ProcessInitializeOnLoadAttributes (340ms)
			ProcessInitializeOnLoadMethodAttributes (45ms)
			AfterProcessingInitializeOnLoad (7ms)
			EditorAssembliesLoaded (0ms)
		ExecutionOrderSort2 (0ms)
		AwakeInstancesAfterBackupRestoration (14ms)
Refreshing native plugins compatible for Editor in 1.53 ms, found 3 plugins.
Preloading 0 native plugins for Editor in 0.00 ms.
Unloading 13 Unused Serialized files (Serialized files now loaded: 0)
Unloading 5957 unused Assets / (4.1 MB). Loaded Objects now: 7210.
Memory consumption went from 236.7 MB to 232.5 MB.
Total: 8.661000 ms (FindLiveObjects: 0.754600 ms CreateObjectMapping: 0.364400 ms MarkObjects: 5.014400 ms  DeleteObjects: 2.526400 ms)

Prepare: number of updated asset objects reloaded= 0
========================================================================
Received Prepare
Refreshing native plugins compatible for Editor in 2.00 ms, found 3 plugins.
Preloading 0 native plugins for Editor in 0.00 ms.
Unloading 13 Unused Serialized files (Serialized files now loaded: 0)
Unloading 5950 unused Assets / (4.2 MB). Loaded Objects now: 7210.
Memory consumption went from 236.8 MB to 232.6 MB.
Total: 12.440300 ms (FindLiveObjects: 1.182500 ms CreateObjectMapping: 1.336400 ms MarkObjects: 5.905800 ms  DeleteObjects: 4.014200 ms)

Prepare: number of updated asset objects reloaded= 0
========================================================================
Received Prepare
Begin MonoManager ReloadAssembly
- Loaded All Assemblies, in  0.710 seconds
Refreshing native plugins compatible for Editor in 1.53 ms, found 3 plugins.
Native extension for WindowsStandalone target not found
Mono: successfully reloaded assembly
- Finished resetting the current domain, in  0.704 seconds
Domain Reload Profiling: 1412ms
	BeginReloadAssembly (187ms)
		ExecutionOrderSort (0ms)
		DisableScriptedObjects (6ms)
		BackupInstance (0ms)
		ReleaseScriptingObjects (0ms)
		CreateAndSetChildDomain (44ms)
	RebuildCommonClasses (30ms)
	RebuildNativeTypeToScriptingClass (10ms)
	initialDomainReloadingComplete (31ms)
	LoadAllAssembliesAndSetupDomain (450ms)
		LoadAssemblies (362ms)
		RebuildTransferFunctionScriptingTraits (0ms)
		AnalyzeDomain (181ms)
			TypeCache.Refresh (11ms)
				TypeCache.ScanAssembly (1ms)
			BuildScriptInfoCaches (158ms)
			ResolveRequiredComponents (9ms)
	FinalizeReload (704ms)
		ReleaseScriptCaches (0ms)
		RebuildScriptCaches (0ms)
		SetupLoadedEditorAssemblies (524ms)
			LogAssemblyErrors (0ms)
			InitializePlatformSupportModulesInManaged (3ms)
			SetLoadedEditorAssemblies (7ms)
			BeforeProcessingInitializeOnLoad (113ms)
			ProcessInitializeOnLoadAttributes (345ms)
			ProcessInitializeOnLoadMethodAttributes (46ms)
			AfterProcessingInitializeOnLoad (10ms)
			EditorAssembliesLoaded (0ms)
		ExecutionOrderSort2 (0ms)
		AwakeInstancesAfterBackupRestoration (13ms)
Refreshing native plugins compatible for Editor in 1.64 ms, found 3 plugins.
Preloading 0 native plugins for Editor in 0.00 ms.
Unloading 13 Unused Serialized files (Serialized files now loaded: 0)
Unloading 5957 unused Assets / (4.2 MB). Loaded Objects now: 7212.
Memory consumption went from 236.7 MB to 232.5 MB.
Total: 9.752500 ms (FindLiveObjects: 0.812400 ms CreateObjectMapping: 0.447700 ms MarkObjects: 5.619100 ms  DeleteObjects: 2.872100 ms)

Prepare: number of updated asset objects reloaded= 0
========================================================================
Received Prepare
Begin MonoManager ReloadAssembly
- Loaded All Assemblies, in  0.698 seconds
Refreshing native plugins compatible for Editor in 1.54 ms, found 3 plugins.
Native extension for WindowsStandalone target not found
Mono: successfully reloaded assembly
- Finished resetting the current domain, in  0.662 seconds
Domain Reload Profiling: 1358ms
	BeginReloadAssembly (189ms)
		ExecutionOrderSort (0ms)
		DisableScriptedObjects (6ms)
		BackupInstance (0ms)
		ReleaseScriptingObjects (0ms)
		CreateAndSetChildDomain (46ms)
	RebuildCommonClasses (29ms)
	RebuildNativeTypeToScriptingClass (10ms)
	initialDomainReloadingComplete (29ms)
	LoadAllAssembliesAndSetupDomain (438ms)
		LoadAssemblies (359ms)
		RebuildTransferFunctionScriptingTraits (0ms)
		AnalyzeDomain (172ms)
			TypeCache.Refresh (8ms)
				TypeCache.ScanAssembly (0ms)
			BuildScriptInfoCaches (152ms)
			ResolveRequiredComponents (9ms)
	FinalizeReload (663ms)
		ReleaseScriptCaches (0ms)
		RebuildScriptCaches (0ms)
		SetupLoadedEditorAssemblies (491ms)
			LogAssemblyErrors (0ms)
			InitializePlatformSupportModulesInManaged (2ms)
			SetLoadedEditorAssemblies (4ms)
			BeforeProcessingInitializeOnLoad (102ms)
			ProcessInitializeOnLoadAttributes (324ms)
			ProcessInitializeOnLoadMethodAttributes (51ms)
			AfterProcessingInitializeOnLoad (7ms)
			EditorAssembliesLoaded (0ms)
		ExecutionOrderSort2 (0ms)
		AwakeInstancesAfterBackupRestoration (14ms)
Refreshing native plugins compatible for Editor in 2.48 ms, found 3 plugins.
Preloading 0 native plugins for Editor in 0.00 ms.
Unloading 13 Unused Serialized files (Serialized files now loaded: 0)
Unloading 5957 unused Assets / (4.4 MB). Loaded Objects now: 7214.
Memory consumption went from 236.7 MB to 232.3 MB.
Total: 15.414800 ms (FindLiveObjects: 1.338600 ms CreateObjectMapping: 1.332300 ms MarkObjects: 7.875200 ms  DeleteObjects: 4.865400 ms)

Prepare: number of updated asset objects reloaded= 0
========================================================================
Received Prepare
Begin MonoManager ReloadAssembly
- Loaded All Assemblies, in  0.843 seconds
Refreshing native plugins compatible for Editor in 1.61 ms, found 3 plugins.
Native extension for WindowsStandalone target not found
Mono: successfully reloaded assembly
- Finished resetting the current domain, in  0.704 seconds
Domain Reload Profiling: 1541ms
	BeginReloadAssembly (232ms)
		ExecutionOrderSort (0ms)
		DisableScriptedObjects (6ms)
		BackupInstance (0ms)
		ReleaseScriptingObjects (0ms)
		CreateAndSetChildDomain (47ms)
	RebuildCommonClasses (42ms)
	RebuildNativeTypeToScriptingClass (17ms)
	initialDomainReloadingComplete (42ms)
	LoadAllAssembliesAndSetupDomain (503ms)
		LoadAssemblies (440ms)
		RebuildTransferFunctionScriptingTraits (0ms)
		AnalyzeDomain (186ms)
			TypeCache.Refresh (12ms)
				TypeCache.ScanAssembly (1ms)
			BuildScriptInfoCaches (162ms)
			ResolveRequiredComponents (9ms)
	FinalizeReload (704ms)
		ReleaseScriptCaches (0ms)
		RebuildScriptCaches (0ms)
		SetupLoadedEditorAssemblies (523ms)
			LogAssemblyErrors (0ms)
			InitializePlatformSupportModulesInManaged (2ms)
			SetLoadedEditorAssemblies (4ms)
			BeforeProcessingInitializeOnLoad (125ms)
			ProcessInitializeOnLoadAttributes (341ms)
			ProcessInitializeOnLoadMethodAttributes (43ms)
			AfterProcessingInitializeOnLoad (7ms)
			EditorAssembliesLoaded (0ms)
		ExecutionOrderSort2 (0ms)
		AwakeInstancesAfterBackupRestoration (15ms)
Refreshing native plugins compatible for Editor in 1.70 ms, found 3 plugins.
Preloading 0 native plugins for Editor in 0.00 ms.
Unloading 13 Unused Serialized files (Serialized files now loaded: 0)
Unloading 5957 unused Assets / (4.2 MB). Loaded Objects now: 7216.
Memory consumption went from 236.7 MB to 232.5 MB.
Total: 10.178400 ms (FindLiveObjects: 0.866200 ms CreateObjectMapping: 0.926200 ms MarkObjects: 5.501600 ms  DeleteObjects: 2.883400 ms)

Prepare: number of updated asset objects reloaded= 0
========================================================================
Received Prepare
Begin MonoManager ReloadAssembly
- Loaded All Assemblies, in  0.815 seconds
Refreshing native plugins compatible for Editor in 1.35 ms, found 3 plugins.
Native extension for WindowsStandalone target not found
Mono: successfully reloaded assembly
- Finished resetting the current domain, in  0.685 seconds
Domain Reload Profiling: 1492ms
	BeginReloadAssembly (215ms)
		ExecutionOrderSort (0ms)
		DisableScriptedObjects (8ms)
		BackupInstance (0ms)
		ReleaseScriptingObjects (0ms)
		CreateAndSetChildDomain (55ms)
	RebuildCommonClasses (40ms)
	RebuildNativeTypeToScriptingClass (15ms)
	initialDomainReloadingComplete (46ms)
	LoadAllAssembliesAndSetupDomain (490ms)
		LoadAssemblies (415ms)
		RebuildTransferFunctionScriptingTraits (0ms)
		AnalyzeDomain (176ms)
			TypeCache.Refresh (12ms)
				TypeCache.ScanAssembly (1ms)
			BuildScriptInfoCaches (152ms)
			ResolveRequiredComponents (9ms)
	FinalizeReload (686ms)
		ReleaseScriptCaches (0ms)
		RebuildScriptCaches (0ms)
		SetupLoadedEditorAssemblies (513ms)
			LogAssemblyErrors (0ms)
			InitializePlatformSupportModulesInManaged (2ms)
			SetLoadedEditorAssemblies (4ms)
			BeforeProcessingInitializeOnLoad (110ms)
			ProcessInitializeOnLoadAttributes (347ms)
			ProcessInitializeOnLoadMethodAttributes (43ms)
			AfterProcessingInitializeOnLoad (7ms)
			EditorAssembliesLoaded (0ms)
		ExecutionOrderSort2 (0ms)
		AwakeInstancesAfterBackupRestoration (14ms)
Refreshing native plugins compatible for Editor in 1.51 ms, found 3 plugins.
Preloading 0 native plugins for Editor in 0.00 ms.
Unloading 13 Unused Serialized files (Serialized files now loaded: 0)
Unloading 5957 unused Assets / (3.8 MB). Loaded Objects now: 7218.
Memory consumption went from 236.7 MB to 232.9 MB.
Total: 7.024500 ms (FindLiveObjects: 0.720400 ms CreateObjectMapping: 0.371100 ms MarkObjects: 3.990800 ms  DeleteObjects: 1.941500 ms)

Prepare: number of updated asset objects reloaded= 0
========================================================================
Received Prepare
Begin MonoManager ReloadAssembly
- Loaded All Assemblies, in  0.736 seconds
Refreshing native plugins compatible for Editor in 1.62 ms, found 3 plugins.
Native extension for WindowsStandalone target not found
Mono: successfully reloaded assembly
- Finished resetting the current domain, in  0.717 seconds
Domain Reload Profiling: 1450ms
	BeginReloadAssembly (192ms)
		ExecutionOrderSort (0ms)
		DisableScriptedObjects (6ms)
		BackupInstance (0ms)
		ReleaseScriptingObjects (0ms)
		CreateAndSetChildDomain (47ms)
	RebuildCommonClasses (32ms)
	RebuildNativeTypeToScriptingClass (11ms)
	initialDomainReloadingComplete (30ms)
	LoadAllAssembliesAndSetupDomain (468ms)
		LoadAssemblies (374ms)
		RebuildTransferFunctionScriptingTraits (0ms)
		AnalyzeDomain (188ms)
			TypeCache.Refresh (14ms)
				TypeCache.ScanAssembly (0ms)
			BuildScriptInfoCaches (160ms)
			ResolveRequiredComponents (10ms)
	FinalizeReload (717ms)
		ReleaseScriptCaches (0ms)
		RebuildScriptCaches (0ms)
		SetupLoadedEditorAssemblies (539ms)
			LogAssemblyErrors (0ms)
			InitializePlatformSupportModulesInManaged (2ms)
			SetLoadedEditorAssemblies (4ms)
			BeforeProcessingInitializeOnLoad (102ms)
			ProcessInitializeOnLoadAttributes (378ms)
			ProcessInitializeOnLoadMethodAttributes (45ms)
			AfterProcessingInitializeOnLoad (8ms)
			EditorAssembliesLoaded (0ms)
		ExecutionOrderSort2 (0ms)
		AwakeInstancesAfterBackupRestoration (15ms)
Refreshing native plugins compatible for Editor in 1.83 ms, found 3 plugins.
Preloading 0 native plugins for Editor in 0.00 ms.
Unloading 13 Unused Serialized files (Serialized files now loaded: 0)
Unloading 5957 unused Assets / (3.9 MB). Loaded Objects now: 7220.
Memory consumption went from 236.7 MB to 232.7 MB.
Total: 11.551200 ms (FindLiveObjects: 1.632200 ms CreateObjectMapping: 1.166900 ms MarkObjects: 6.360500 ms  DeleteObjects: 2.390500 ms)

Prepare: number of updated asset objects reloaded= 0
========================================================================
Received Prepare
Begin MonoManager ReloadAssembly
- Loaded All Assemblies, in  0.866 seconds
Refreshing native plugins compatible for Editor in 1.39 ms, found 3 plugins.
Native extension for WindowsStandalone target not found
Mono: successfully reloaded assembly
- Finished resetting the current domain, in  0.697 seconds
Domain Reload Profiling: 1557ms
	BeginReloadAssembly (218ms)
		ExecutionOrderSort (0ms)
		DisableScriptedObjects (6ms)
		BackupInstance (0ms)
		ReleaseScriptingObjects (0ms)
		CreateAndSetChildDomain (53ms)
	RebuildCommonClasses (45ms)
	RebuildNativeTypeToScriptingClass (17ms)
	initialDomainReloadingComplete (44ms)
	LoadAllAssembliesAndSetupDomain (537ms)
		LoadAssemblies (429ms)
		RebuildTransferFunctionScriptingTraits (0ms)
		AnalyzeDomain (210ms)
			TypeCache.Refresh (13ms)
				TypeCache.ScanAssembly (1ms)
			BuildScriptInfoCaches (184ms)
			ResolveRequiredComponents (9ms)
	FinalizeReload (698ms)
		ReleaseScriptCaches (0ms)
		RebuildScriptCaches (0ms)
		SetupLoadedEditorAssemblies (527ms)
			LogAssemblyErrors (0ms)
			InitializePlatformSupportModulesInManaged (2ms)
			SetLoadedEditorAssemblies (4ms)
			BeforeProcessingInitializeOnLoad (114ms)
			ProcessInitializeOnLoadAttributes (346ms)
			ProcessInitializeOnLoadMethodAttributes (54ms)
			AfterProcessingInitializeOnLoad (8ms)
			EditorAssembliesLoaded (0ms)
		ExecutionOrderSort2 (0ms)
		AwakeInstancesAfterBackupRestoration (16ms)
Refreshing native plugins compatible for Editor in 1.85 ms, found 3 plugins.
Preloading 0 native plugins for Editor in 0.00 ms.
Unloading 13 Unused Serialized files (Serialized files now loaded: 0)
Unloading 5957 unused Assets / (4.2 MB). Loaded Objects now: 7222.
Memory consumption went from 236.7 MB to 232.4 MB.
Total: 12.144800 ms (FindLiveObjects: 1.037300 ms CreateObjectMapping: 0.826900 ms MarkObjects: 5.475400 ms  DeleteObjects: 4.803800 ms)

Prepare: number of updated asset objects reloaded= 0
========================================================================
Received Prepare
Begin MonoManager ReloadAssembly
- Loaded All Assemblies, in  0.709 seconds
Refreshing native plugins compatible for Editor in 1.81 ms, found 3 plugins.
Native extension for WindowsStandalone target not found
Mono: successfully reloaded assembly
- Finished resetting the current domain, in  0.677 seconds
Domain Reload Profiling: 1384ms
	BeginReloadAssembly (188ms)
		ExecutionOrderSort (0ms)
		DisableScriptedObjects (6ms)
		BackupInstance (0ms)
		ReleaseScriptingObjects (0ms)
		CreateAndSetChildDomain (45ms)
	RebuildCommonClasses (30ms)
	RebuildNativeTypeToScriptingClass (10ms)
	initialDomainReloadingComplete (31ms)
	LoadAllAssembliesAndSetupDomain (447ms)
		LoadAssemblies (362ms)
		RebuildTransferFunctionScriptingTraits (0ms)
		AnalyzeDomain (177ms)
			TypeCache.Refresh (9ms)
				TypeCache.ScanAssembly (0ms)
			BuildScriptInfoCaches (156ms)
			ResolveRequiredComponents (9ms)
	FinalizeReload (678ms)
		ReleaseScriptCaches (0ms)
		RebuildScriptCaches (0ms)
		SetupLoadedEditorAssemblies (505ms)
			LogAssemblyErrors (0ms)
			InitializePlatformSupportModulesInManaged (2ms)
			SetLoadedEditorAssemblies (4ms)
			BeforeProcessingInitializeOnLoad (105ms)
			ProcessInitializeOnLoadAttributes (340ms)
			ProcessInitializeOnLoadMethodAttributes (46ms)
			AfterProcessingInitializeOnLoad (8ms)
			EditorAssembliesLoaded (0ms)
		ExecutionOrderSort2 (0ms)
		AwakeInstancesAfterBackupRestoration (15ms)
Refreshing native plugins compatible for Editor in 1.77 ms, found 3 plugins.
Preloading 0 native plugins for Editor in 0.00 ms.
Unloading 13 Unused Serialized files (Serialized files now loaded: 0)
Unloading 5957 unused Assets / (4.3 MB). Loaded Objects now: 7224.
Memory consumption went from 236.7 MB to 232.4 MB.
Total: 13.853000 ms (FindLiveObjects: 1.224000 ms CreateObjectMapping: 1.469500 ms MarkObjects: 7.223000 ms  DeleteObjects: 3.934600 ms)

Prepare: number of updated asset objects reloaded= 0
========================================================================
Received Prepare
Refreshing native plugins compatible for Editor in 1.64 ms, found 3 plugins.
Preloading 0 native plugins for Editor in 0.00 ms.
Unloading 13 Unused Serialized files (Serialized files now loaded: 0)
Unloading 5950 unused Assets / (4.2 MB). Loaded Objects now: 7224.
Memory consumption went from 236.9 MB to 232.7 MB.
Total: 10.847800 ms (FindLiveObjects: 0.793300 ms CreateObjectMapping: 0.527200 ms MarkObjects: 5.416500 ms  DeleteObjects: 4.108700 ms)

Prepare: number of updated asset objects reloaded= 0
========================================================================
Received Prepare
Begin MonoManager ReloadAssembly
- Loaded All Assemblies, in  0.717 seconds
Refreshing native plugins compatible for Editor in 1.57 ms, found 3 plugins.
Native extension for WindowsStandalone target not found
Mono: successfully reloaded assembly
- Finished resetting the current domain, in  0.678 seconds
Domain Reload Profiling: 1390ms
	BeginReloadAssembly (192ms)
		ExecutionOrderSort (0ms)
		DisableScriptedObjects (6ms)
		BackupInstance (0ms)
		ReleaseScriptingObjects (0ms)
		CreateAndSetChildDomain (51ms)
	RebuildCommonClasses (31ms)
	RebuildNativeTypeToScriptingClass (10ms)
	initialDomainReloadingComplete (32ms)
	LoadAllAssembliesAndSetupDomain (446ms)
		LoadAssemblies (363ms)
		RebuildTransferFunctionScriptingTraits (0ms)
		AnalyzeDomain (177ms)
			TypeCache.Refresh (12ms)
				TypeCache.ScanAssembly (1ms)
			BuildScriptInfoCaches (152ms)
			ResolveRequiredComponents (9ms)
	FinalizeReload (678ms)
		ReleaseScriptCaches (0ms)
		RebuildScriptCaches (0ms)
		SetupLoadedEditorAssemblies (506ms)
			LogAssemblyErrors (0ms)
			InitializePlatformSupportModulesInManaged (2ms)
			SetLoadedEditorAssemblies (4ms)
			BeforeProcessingInitializeOnLoad (107ms)
			ProcessInitializeOnLoadAttributes (340ms)
			ProcessInitializeOnLoadMethodAttributes (46ms)
			AfterProcessingInitializeOnLoad (7ms)
			EditorAssembliesLoaded (0ms)
		ExecutionOrderSort2 (0ms)
		AwakeInstancesAfterBackupRestoration (13ms)
Refreshing native plugins compatible for Editor in 1.87 ms, found 3 plugins.
Preloading 0 native plugins for Editor in 0.00 ms.
Unloading 13 Unused Serialized files (Serialized files now loaded: 0)
Unloading 5957 unused Assets / (4.4 MB). Loaded Objects now: 7226.
Memory consumption went from 236.7 MB to 232.3 MB.
Total: 12.899100 ms (FindLiveObjects: 0.910300 ms CreateObjectMapping: 1.022600 ms MarkObjects: 7.044100 ms  DeleteObjects: 3.920800 ms)

Prepare: number of updated asset objects reloaded= 0
========================================================================
Received Prepare
Begin MonoManager ReloadAssembly
- Loaded All Assemblies, in  0.723 seconds
Refreshing native plugins compatible for Editor in 1.51 ms, found 3 plugins.
Native extension for WindowsStandalone target not found
Mono: successfully reloaded assembly
- Finished resetting the current domain, in  0.682 seconds
Domain Reload Profiling: 1399ms
	BeginReloadAssembly (193ms)
		ExecutionOrderSort (0ms)
		DisableScriptedObjects (6ms)
		BackupInstance (0ms)
		ReleaseScriptingObjects (0ms)
		CreateAndSetChildDomain (48ms)
	RebuildCommonClasses (31ms)
	RebuildNativeTypeToScriptingClass (10ms)
	initialDomainReloadingComplete (31ms)
	LoadAllAssembliesAndSetupDomain (452ms)
		LoadAssemblies (373ms)
		RebuildTransferFunctionScriptingTraits (0ms)
		AnalyzeDomain (174ms)
			TypeCache.Refresh (8ms)
				TypeCache.ScanAssembly (0ms)
			BuildScriptInfoCaches (153ms)
			ResolveRequiredComponents (9ms)
	FinalizeReload (682ms)
		ReleaseScriptCaches (0ms)
		RebuildScriptCaches (0ms)
		SetupLoadedEditorAssemblies (506ms)
			LogAssemblyErrors (0ms)
			InitializePlatformSupportModulesInManaged (2ms)
			SetLoadedEditorAssemblies (4ms)
			BeforeProcessingInitializeOnLoad (105ms)
			ProcessInitializeOnLoadAttributes (343ms)
			ProcessInitializeOnLoadMethodAttributes (44ms)
			AfterProcessingInitializeOnLoad (7ms)
			EditorAssembliesLoaded (0ms)
		ExecutionOrderSort2 (0ms)
		AwakeInstancesAfterBackupRestoration (14ms)
Refreshing native plugins compatible for Editor in 1.69 ms, found 3 plugins.
Preloading 0 native plugins for Editor in 0.00 ms.
Unloading 13 Unused Serialized files (Serialized files now loaded: 0)
Unloading 5957 unused Assets / (4.2 MB). Loaded Objects now: 7228.
Memory consumption went from 236.7 MB to 232.5 MB.
Total: 9.988500 ms (FindLiveObjects: 0.820000 ms CreateObjectMapping: 0.537100 ms MarkObjects: 5.762900 ms  DeleteObjects: 2.866600 ms)

Prepare: number of updated asset objects reloaded= 0
========================================================================
Received Prepare
Refreshing native plugins compatible for Editor in 2.10 ms, found 3 plugins.
Preloading 0 native plugins for Editor in 0.00 ms.
Unloading 13 Unused Serialized files (Serialized files now loaded: 0)
Unloading 5950 unused Assets / (4.1 MB). Loaded Objects now: 7228.
Memory consumption went from 236.9 MB to 232.8 MB.
Total: 22.765100 ms (FindLiveObjects: 1.985800 ms CreateObjectMapping: 1.444200 ms MarkObjects: 16.427100 ms  DeleteObjects: 2.905900 ms)

Prepare: number of updated asset objects reloaded= 0
========================================================================
Received Prepare
Begin MonoManager ReloadAssembly
- Loaded All Assemblies, in  0.711 seconds
Refreshing native plugins compatible for Editor in 1.50 ms, found 3 plugins.
Native extension for WindowsStandalone target not found
Mono: successfully reloaded assembly
- Finished resetting the current domain, in  0.694 seconds
Domain Reload Profiling: 1402ms
	BeginReloadAssembly (187ms)
		ExecutionOrderSort (0ms)
		DisableScriptedObjects (6ms)
		BackupInstance (0ms)
		ReleaseScriptingObjects (0ms)
		CreateAndSetChildDomain (47ms)
	RebuildCommonClasses (30ms)
	RebuildNativeTypeToScriptingClass (10ms)
	initialDomainReloadingComplete (29ms)
	LoadAllAssembliesAndSetupDomain (451ms)
		LoadAssemblies (364ms)
		RebuildTransferFunctionScriptingTraits (0ms)
		AnalyzeDomain (179ms)
			TypeCache.Refresh (12ms)
				TypeCache.ScanAssembly (1ms)
			BuildScriptInfoCaches (154ms)
			ResolveRequiredComponents (9ms)
	FinalizeReload (694ms)
		ReleaseScriptCaches (0ms)
		RebuildScriptCaches (0ms)
		SetupLoadedEditorAssemblies (508ms)
			LogAssemblyErrors (0ms)
			InitializePlatformSupportModulesInManaged (3ms)
			SetLoadedEditorAssemblies (5ms)
			BeforeProcessingInitializeOnLoad (111ms)
			ProcessInitializeOnLoadAttributes (337ms)
			ProcessInitializeOnLoadMethodAttributes (45ms)
			AfterProcessingInitializeOnLoad (7ms)
			EditorAssembliesLoaded (0ms)
		ExecutionOrderSort2 (0ms)
		AwakeInstancesAfterBackupRestoration (15ms)
Refreshing native plugins compatible for Editor in 1.76 ms, found 3 plugins.
Preloading 0 native plugins for Editor in 0.00 ms.
Unloading 13 Unused Serialized files (Serialized files now loaded: 0)
Unloading 5957 unused Assets / (4.1 MB). Loaded Objects now: 7230.
Memory consumption went from 236.6 MB to 232.5 MB.
Total: 10.721200 ms (FindLiveObjects: 0.843000 ms CreateObjectMapping: 0.943500 ms MarkObjects: 5.670600 ms  DeleteObjects: 3.263200 ms)

Prepare: number of updated asset objects reloaded= 0
========================================================================
Received Prepare
Begin MonoManager ReloadAssembly
- Loaded All Assemblies, in  0.720 seconds
Refreshing native plugins compatible for Editor in 1.40 ms, found 3 plugins.
Native extension for WindowsStandalone target not found
Mono: successfully reloaded assembly
- Finished resetting the current domain, in  0.681 seconds
Domain Reload Profiling: 1399ms
	BeginReloadAssembly (191ms)
		ExecutionOrderSort (0ms)
		DisableScriptedObjects (6ms)
		BackupInstance (0ms)
		ReleaseScriptingObjects (0ms)
		CreateAndSetChildDomain (48ms)
	RebuildCommonClasses (30ms)
	RebuildNativeTypeToScriptingClass (10ms)
	initialDomainReloadingComplete (31ms)
	LoadAllAssembliesAndSetupDomain (455ms)
		LoadAssemblies (373ms)
		RebuildTransferFunctionScriptingTraits (0ms)
		AnalyzeDomain (175ms)
			TypeCache.Refresh (9ms)
				TypeCache.ScanAssembly (0ms)
			BuildScriptInfoCaches (151ms)
			ResolveRequiredComponents (11ms)
	FinalizeReload (681ms)
		ReleaseScriptCaches (0ms)
		RebuildScriptCaches (0ms)
		SetupLoadedEditorAssemblies (501ms)
			LogAssemblyErrors (0ms)
			InitializePlatformSupportModulesInManaged (2ms)
			SetLoadedEditorAssemblies (4ms)
			BeforeProcessingInitializeOnLoad (103ms)
			ProcessInitializeOnLoadAttributes (340ms)
			ProcessInitializeOnLoadMethodAttributes (44ms)
			AfterProcessingInitializeOnLoad (7ms)
			EditorAssembliesLoaded (0ms)
		ExecutionOrderSort2 (0ms)
		AwakeInstancesAfterBackupRestoration (15ms)
Refreshing native plugins compatible for Editor in 2.09 ms, found 3 plugins.
Preloading 0 native plugins for Editor in 0.00 ms.
Unloading 13 Unused Serialized files (Serialized files now loaded: 0)
Unloading 5957 unused Assets / (4.2 MB). Loaded Objects now: 7232.
Memory consumption went from 236.6 MB to 232.4 MB.
Total: 10.739300 ms (FindLiveObjects: 0.893000 ms CreateObjectMapping: 1.005500 ms MarkObjects: 5.139800 ms  DeleteObjects: 3.699800 ms)

Prepare: number of updated asset objects reloaded= 0
========================================================================
Received Prepare
Refreshing native plugins compatible for Editor in 2.38 ms, found 3 plugins.
Preloading 0 native plugins for Editor in 0.00 ms.
Unloading 13 Unused Serialized files (Serialized files now loaded: 0)
Unloading 5950 unused Assets / (4.6 MB). Loaded Objects now: 7232.
Memory consumption went from 236.8 MB to 232.2 MB.
Total: 24.043000 ms (FindLiveObjects: 1.555200 ms CreateObjectMapping: 1.673200 ms MarkObjects: 16.137400 ms  DeleteObjects: 4.675500 ms)

Prepare: number of updated asset objects reloaded= 0
========================================================================
Received Prepare
Begin MonoManager ReloadAssembly
- Loaded All Assemblies, in  0.746 seconds
Refreshing native plugins compatible for Editor in 1.51 ms, found 3 plugins.
Native extension for WindowsStandalone target not found
Mono: successfully reloaded assembly
- Finished resetting the current domain, in  0.687 seconds
Domain Reload Profiling: 1429ms
	BeginReloadAssembly (214ms)
		ExecutionOrderSort (0ms)
		DisableScriptedObjects (8ms)
		BackupInstance (0ms)
		ReleaseScriptingObjects (0ms)
		CreateAndSetChildDomain (56ms)
	RebuildCommonClasses (30ms)
	RebuildNativeTypeToScriptingClass (10ms)
	initialDomainReloadingComplete (32ms)
	LoadAllAssembliesAndSetupDomain (455ms)
		LoadAssemblies (377ms)
		RebuildTransferFunctionScriptingTraits (0ms)
		AnalyzeDomain (174ms)
			TypeCache.Refresh (12ms)
				TypeCache.ScanAssembly (1ms)
			BuildScriptInfoCaches (150ms)
			ResolveRequiredComponents (9ms)
	FinalizeReload (688ms)
		ReleaseScriptCaches (0ms)
		RebuildScriptCaches (0ms)
		SetupLoadedEditorAssemblies (519ms)
			LogAssemblyErrors (0ms)
			InitializePlatformSupportModulesInManaged (3ms)
			SetLoadedEditorAssemblies (6ms)
			BeforeProcessingInitializeOnLoad (104ms)
			ProcessInitializeOnLoadAttributes (355ms)
			ProcessInitializeOnLoadMethodAttributes (44ms)
			AfterProcessingInitializeOnLoad (7ms)
			EditorAssembliesLoaded (0ms)
		ExecutionOrderSort2 (0ms)
		AwakeInstancesAfterBackupRestoration (14ms)
Refreshing native plugins compatible for Editor in 1.73 ms, found 3 plugins.
Preloading 0 native plugins for Editor in 0.00 ms.
Unloading 13 Unused Serialized files (Serialized files now loaded: 0)
Unloading 5957 unused Assets / (3.8 MB). Loaded Objects now: 7234.
Memory consumption went from 236.6 MB to 232.9 MB.
Total: 9.946700 ms (FindLiveObjects: 0.991000 ms CreateObjectMapping: 0.506200 ms MarkObjects: 5.056000 ms  DeleteObjects: 3.392300 ms)

Prepare: number of updated asset objects reloaded= 0
========================================================================
Received Prepare
Begin MonoManager ReloadAssembly
- Loaded All Assemblies, in  0.710 seconds
Refreshing native plugins compatible for Editor in 1.58 ms, found 3 plugins.
Native extension for WindowsStandalone target not found
Mono: successfully reloaded assembly
- Finished resetting the current domain, in  0.679 seconds
Domain Reload Profiling: 1387ms
	BeginReloadAssembly (193ms)
		ExecutionOrderSort (0ms)
		DisableScriptedObjects (6ms)
		BackupInstance (0ms)
		ReleaseScriptingObjects (0ms)
		CreateAndSetChildDomain (46ms)
	RebuildCommonClasses (30ms)
	RebuildNativeTypeToScriptingClass (10ms)
	initialDomainReloadingComplete (30ms)
	LoadAllAssembliesAndSetupDomain (444ms)
		LoadAssemblies (369ms)
		RebuildTransferFunctionScriptingTraits (0ms)
		AnalyzeDomain (173ms)
			TypeCache.Refresh (8ms)
				TypeCache.ScanAssembly (0ms)
			BuildScriptInfoCaches (153ms)
			ResolveRequiredComponents (9ms)
	FinalizeReload (680ms)
		ReleaseScriptCaches (0ms)
		RebuildScriptCaches (0ms)
		SetupLoadedEditorAssemblies (507ms)
			LogAssemblyErrors (0ms)
			InitializePlatformSupportModulesInManaged (2ms)
			SetLoadedEditorAssemblies (5ms)
			BeforeProcessingInitializeOnLoad (109ms)
			ProcessInitializeOnLoadAttributes (337ms)
			ProcessInitializeOnLoadMethodAttributes (48ms)
			AfterProcessingInitializeOnLoad (7ms)
			EditorAssembliesLoaded (0ms)
		ExecutionOrderSort2 (0ms)
		AwakeInstancesAfterBackupRestoration (15ms)
Refreshing native plugins compatible for Editor in 1.53 ms, found 3 plugins.
Preloading 0 native plugins for Editor in 0.00 ms.
Unloading 13 Unused Serialized files (Serialized files now loaded: 0)
Unloading 5957 unused Assets / (4.1 MB). Loaded Objects now: 7236.
Memory consumption went from 236.6 MB to 232.6 MB.
Total: 7.797300 ms (FindLiveObjects: 0.779100 ms CreateObjectMapping: 0.379500 ms MarkObjects: 4.259800 ms  DeleteObjects: 2.378000 ms)

Prepare: number of updated asset objects reloaded= 0
========================================================================
Received Prepare
Refreshing native plugins compatible for Editor in 2.13 ms, found 3 plugins.
Preloading 0 native plugins for Editor in 0.00 ms.
Unloading 13 Unused Serialized files (Serialized files now loaded: 0)
Unloading 5950 unused Assets / (3.6 MB). Loaded Objects now: 7236.
Memory consumption went from 236.8 MB to 233.2 MB.
Total: 12.031300 ms (FindLiveObjects: 1.218500 ms CreateObjectMapping: 0.728900 ms MarkObjects: 7.364900 ms  DeleteObjects: 2.717700 ms)

Prepare: number of updated asset objects reloaded= 0
========================================================================
Received Prepare
Refreshing native plugins compatible for Editor in 1.57 ms, found 3 plugins.
Preloading 0 native plugins for Editor in 0.00 ms.
Unloading 13 Unused Serialized files (Serialized files now loaded: 0)
Unloading 5950 unused Assets / (3.9 MB). Loaded Objects now: 7236.
Memory consumption went from 236.8 MB to 232.9 MB.
Total: 8.056700 ms (FindLiveObjects: 0.746900 ms CreateObjectMapping: 0.421300 ms MarkObjects: 4.378900 ms  DeleteObjects: 2.508600 ms)

Prepare: number of updated asset objects reloaded= 0
========================================================================
Received Prepare
Refreshing native plugins compatible for Editor in 1.69 ms, found 3 plugins.
Preloading 0 native plugins for Editor in 0.00 ms.
Unloading 13 Unused Serialized files (Serialized files now loaded: 0)
Unloading 5950 unused Assets / (4.3 MB). Loaded Objects now: 7236.
Memory consumption went from 236.8 MB to 232.5 MB.
Total: 11.524800 ms (FindLiveObjects: 0.994000 ms CreateObjectMapping: 0.910800 ms MarkObjects: 5.570000 ms  DeleteObjects: 4.049000 ms)

Prepare: number of updated asset objects reloaded= 0
========================================================================
Received Prepare
Refreshing native plugins compatible for Editor in 1.57 ms, found 3 plugins.
Preloading 0 native plugins for Editor in 0.00 ms.
Unloading 13 Unused Serialized files (Serialized files now loaded: 0)
Unloading 5950 unused Assets / (3.8 MB). Loaded Objects now: 7236.
Memory consumption went from 236.8 MB to 233.0 MB.
Total: 7.901200 ms (FindLiveObjects: 0.725800 ms CreateObjectMapping: 0.376800 ms MarkObjects: 4.559800 ms  DeleteObjects: 2.237900 ms)

Prepare: number of updated asset objects reloaded= 0
========================================================================
Received Prepare
Refreshing native plugins compatible for Editor in 1.50 ms, found 3 plugins.
Preloading 0 native plugins for Editor in 0.00 ms.
Unloading 13 Unused Serialized files (Serialized files now loaded: 0)
Unloading 5950 unused Assets / (3.6 MB). Loaded Objects now: 7236.
Memory consumption went from 236.8 MB to 233.2 MB.
Total: 7.029500 ms (FindLiveObjects: 0.733100 ms CreateObjectMapping: 0.380700 ms MarkObjects: 4.034200 ms  DeleteObjects: 1.880700 ms)

Prepare: number of updated asset objects reloaded= 0
========================================================================
Received Prepare
Refreshing native plugins compatible for Editor in 2.47 ms, found 3 plugins.
Preloading 0 native plugins for Editor in 0.00 ms.
Unloading 13 Unused Serialized files (Serialized files now loaded: 0)
Unloading 5950 unused Assets / (3.9 MB). Loaded Objects now: 7236.
Memory consumption went from 236.8 MB to 232.9 MB.
Total: 8.309400 ms (FindLiveObjects: 0.788000 ms CreateObjectMapping: 0.426900 ms MarkObjects: 4.524000 ms  DeleteObjects: 2.569600 ms)

Prepare: number of updated asset objects reloaded= 0
========================================================================
Received Prepare
Begin MonoManager ReloadAssembly
- Loaded All Assemblies, in  0.771 seconds
Refreshing native plugins compatible for Editor in 1.38 ms, found 3 plugins.
Native extension for WindowsStandalone target not found
Mono: successfully reloaded assembly
- Finished resetting the current domain, in  0.686 seconds
Domain Reload Profiling: 1453ms
	BeginReloadAssembly (214ms)
		ExecutionOrderSort (0ms)
		DisableScriptedObjects (6ms)
		BackupInstance (0ms)
		ReleaseScriptingObjects (0ms)
		CreateAndSetChildDomain (52ms)
	RebuildCommonClasses (40ms)
	RebuildNativeTypeToScriptingClass (10ms)
	initialDomainReloadingComplete (32ms)
	LoadAllAssembliesAndSetupDomain (470ms)
		LoadAssemblies (400ms)
		RebuildTransferFunctionScriptingTraits (0ms)
		AnalyzeDomain (178ms)
			TypeCache.Refresh (11ms)
				TypeCache.ScanAssembly (1ms)
			BuildScriptInfoCaches (155ms)
			ResolveRequiredComponents (9ms)
	FinalizeReload (686ms)
		ReleaseScriptCaches (0ms)
		RebuildScriptCaches (0ms)
		SetupLoadedEditorAssemblies (511ms)
			LogAssemblyErrors (0ms)
			InitializePlatformSupportModulesInManaged (2ms)
			SetLoadedEditorAssemblies (5ms)
			BeforeProcessingInitializeOnLoad (106ms)
			ProcessInitializeOnLoadAttributes (340ms)
			ProcessInitializeOnLoadMethodAttributes (50ms)
			AfterProcessingInitializeOnLoad (9ms)
			EditorAssembliesLoaded (0ms)
		ExecutionOrderSort2 (0ms)
		AwakeInstancesAfterBackupRestoration (21ms)
Refreshing native plugins compatible for Editor in 1.48 ms, found 3 plugins.
Preloading 0 native plugins for Editor in 0.00 ms.
Unloading 13 Unused Serialized files (Serialized files now loaded: 0)
Unloading 5957 unused Assets / (3.8 MB). Loaded Objects now: 7238.
Memory consumption went from 236.6 MB to 232.8 MB.
Total: 7.708200 ms (FindLiveObjects: 0.860100 ms CreateObjectMapping: 0.348500 ms MarkObjects: 4.339800 ms  DeleteObjects: 2.158300 ms)

Prepare: number of updated asset objects reloaded= 0
========================================================================
Received Prepare
Begin MonoManager ReloadAssembly
- Loaded All Assemblies, in  0.720 seconds
Refreshing native plugins compatible for Editor in 1.49 ms, found 3 plugins.
Native extension for WindowsStandalone target not found
Mono: successfully reloaded assembly
- Finished resetting the current domain, in  0.667 seconds
Domain Reload Profiling: 1384ms
	BeginReloadAssembly (197ms)
		ExecutionOrderSort (0ms)
		DisableScriptedObjects (6ms)
		BackupInstance (0ms)
		ReleaseScriptingObjects (0ms)
		CreateAndSetChildDomain (50ms)
	RebuildCommonClasses (31ms)
	RebuildNativeTypeToScriptingClass (16ms)
	initialDomainReloadingComplete (30ms)
	LoadAllAssembliesAndSetupDomain (442ms)
		LoadAssemblies (369ms)
		RebuildTransferFunctionScriptingTraits (0ms)
		AnalyzeDomain (171ms)
			TypeCache.Refresh (8ms)
				TypeCache.ScanAssembly (0ms)
			BuildScriptInfoCaches (150ms)
			ResolveRequiredComponents (9ms)
	FinalizeReload (668ms)
		ReleaseScriptCaches (0ms)
		RebuildScriptCaches (0ms)
		SetupLoadedEditorAssemblies (496ms)
			LogAssemblyErrors (0ms)
			InitializePlatformSupportModulesInManaged (2ms)
			SetLoadedEditorAssemblies (5ms)
			BeforeProcessingInitializeOnLoad (108ms)
			ProcessInitializeOnLoadAttributes (330ms)
			ProcessInitializeOnLoadMethodAttributes (44ms)
			AfterProcessingInitializeOnLoad (7ms)
			EditorAssembliesLoaded (0ms)
		ExecutionOrderSort2 (0ms)
		AwakeInstancesAfterBackupRestoration (15ms)
Refreshing native plugins compatible for Editor in 1.74 ms, found 3 plugins.
Preloading 0 native plugins for Editor in 0.00 ms.
Unloading 13 Unused Serialized files (Serialized files now loaded: 0)
Unloading 5957 unused Assets / (4.0 MB). Loaded Objects now: 7240.
Memory consumption went from 236.6 MB to 232.7 MB.
Total: 10.780500 ms (FindLiveObjects: 0.891600 ms CreateObjectMapping: 1.138700 ms MarkObjects: 6.024100 ms  DeleteObjects: 2.724500 ms)

Prepare: number of updated asset objects reloaded= 0
========================================================================
Received Prepare
Begin MonoManager ReloadAssembly
- Loaded All Assemblies, in  0.833 seconds
Refreshing native plugins compatible for Editor in 1.52 ms, found 3 plugins.
Native extension for WindowsStandalone target not found
Mono: successfully reloaded assembly
- Finished resetting the current domain, in  0.724 seconds
Domain Reload Profiling: 1551ms
	BeginReloadAssembly (227ms)
		ExecutionOrderSort (0ms)
		DisableScriptedObjects (8ms)
		BackupInstance (0ms)
		ReleaseScriptingObjects (0ms)
		CreateAndSetChildDomain (54ms)
	RebuildCommonClasses (43ms)
	RebuildNativeTypeToScriptingClass (16ms)
	initialDomainReloadingComplete (38ms)
	LoadAllAssembliesAndSetupDomain (502ms)
		LoadAssemblies (426ms)
		RebuildTransferFunctionScriptingTraits (0ms)
		AnalyzeDomain (188ms)
			TypeCache.Refresh (12ms)
				TypeCache.ScanAssembly (1ms)
			BuildScriptInfoCaches (163ms)
			ResolveRequiredComponents (10ms)
	FinalizeReload (725ms)
		ReleaseScriptCaches (0ms)
		RebuildScriptCaches (0ms)
		SetupLoadedEditorAssemblies (547ms)
			LogAssemblyErrors (0ms)
			InitializePlatformSupportModulesInManaged (2ms)
			SetLoadedEditorAssemblies (5ms)
			BeforeProcessingInitializeOnLoad (124ms)
			ProcessInitializeOnLoadAttributes (364ms)
			ProcessInitializeOnLoadMethodAttributes (44ms)
			AfterProcessingInitializeOnLoad (7ms)
			EditorAssembliesLoaded (0ms)
		ExecutionOrderSort2 (0ms)
		AwakeInstancesAfterBackupRestoration (14ms)
Refreshing native plugins compatible for Editor in 1.67 ms, found 3 plugins.
Preloading 0 native plugins for Editor in 0.00 ms.
Unloading 13 Unused Serialized files (Serialized files now loaded: 0)
Unloading 5957 unused Assets / (4.2 MB). Loaded Objects now: 7242.
Memory consumption went from 236.7 MB to 232.4 MB.
Total: 9.663700 ms (FindLiveObjects: 0.832400 ms CreateObjectMapping: 0.439000 ms MarkObjects: 5.397500 ms  DeleteObjects: 2.993800 ms)

Prepare: number of updated asset objects reloaded= 0
========================================================================
Received Import Request.
  Time since last request: 1627.585724 seconds.
  path: Assets/Assets/img/upgrade icon.png
  artifactKey: Guid(40bae493790fd6548a388331fdb74ecb) Importer(815301076,1909f56bfc062723c751e8b465ee728b)
Start importing Assets/Assets/img/upgrade icon.png using Guid(40bae493790fd6548a388331fdb74ecb) Importer(815301076,1909f56bfc062723c751e8b465ee728b) (PreviewImporter) -> (artifact id: 'c6f19fba3180ea7a50cc63998f68249a') in 0.2534073 seconds
Number of updated asset objects reloaded before import = 0Number of asset objects unloaded after import = 2

========================================================================
Received Prepare
Begin MonoManager ReloadAssembly
- Loaded All Assemblies, in  0.813 seconds
Refreshing native plugins compatible for Editor in 1.54 ms, found 3 plugins.
Native extension for WindowsStandalone target not found
Mono: successfully reloaded assembly
- Finished resetting the current domain, in  0.720 seconds
Domain Reload Profiling: 1525ms
	BeginReloadAssembly (237ms)
		ExecutionOrderSort (0ms)
		DisableScriptedObjects (6ms)
		BackupInstance (0ms)
		ReleaseScriptingObjects (0ms)
		CreateAndSetChildDomain (63ms)
	RebuildCommonClasses (51ms)
	RebuildNativeTypeToScriptingClass (18ms)
	initialDomainReloadingComplete (44ms)
	LoadAllAssembliesAndSetupDomain (455ms)
		LoadAssemblies (390ms)
		RebuildTransferFunctionScriptingTraits (0ms)
		AnalyzeDomain (179ms)
			TypeCache.Refresh (9ms)
				TypeCache.ScanAssembly (1ms)
			BuildScriptInfoCaches (157ms)
			ResolveRequiredComponents (10ms)
	FinalizeReload (720ms)
		ReleaseScriptCaches (0ms)
		RebuildScriptCaches (0ms)
		SetupLoadedEditorAssemblies (518ms)
			LogAssemblyErrors (0ms)
			InitializePlatformSupportModulesInManaged (2ms)
			SetLoadedEditorAssemblies (6ms)
			BeforeProcessingInitializeOnLoad (110ms)
			ProcessInitializeOnLoadAttributes (348ms)
			ProcessInitializeOnLoadMethodAttributes (44ms)
			AfterProcessingInitializeOnLoad (7ms)
			EditorAssembliesLoaded (0ms)
		ExecutionOrderSort2 (0ms)
		AwakeInstancesAfterBackupRestoration (14ms)
Refreshing native plugins compatible for Editor in 1.66 ms, found 3 plugins.
Preloading 0 native plugins for Editor in 0.00 ms.
Unloading 13 Unused Serialized files (Serialized files now loaded: 0)
Unloading 5957 unused Assets / (4.0 MB). Loaded Objects now: 7246.
Memory consumption went from 236.7 MB to 232.7 MB.
Total: 9.761500 ms (FindLiveObjects: 0.865800 ms CreateObjectMapping: 0.445800 ms MarkObjects: 5.870500 ms  DeleteObjects: 2.578300 ms)

Prepare: number of updated asset objects reloaded= 0
========================================================================
Received Prepare
Begin MonoManager ReloadAssembly
- Loaded All Assemblies, in  0.850 seconds
Refreshing native plugins compatible for Editor in 1.46 ms, found 3 plugins.
Native extension for WindowsStandalone target not found
Mono: successfully reloaded assembly
- Finished resetting the current domain, in  1.109 seconds
Domain Reload Profiling: 1951ms
	BeginReloadAssembly (245ms)
		ExecutionOrderSort (0ms)
		DisableScriptedObjects (6ms)
		BackupInstance (0ms)
		ReleaseScriptingObjects (0ms)
		CreateAndSetChildDomain (65ms)
	RebuildCommonClasses (49ms)
	RebuildNativeTypeToScriptingClass (17ms)
	initialDomainReloadingComplete (45ms)
	LoadAllAssembliesAndSetupDomain (486ms)
		LoadAssemblies (411ms)
		RebuildTransferFunctionScriptingTraits (0ms)
		AnalyzeDomain (192ms)
			TypeCache.Refresh (10ms)
				TypeCache.ScanAssembly (1ms)
			BuildScriptInfoCaches (169ms)
			ResolveRequiredComponents (9ms)
	FinalizeReload (1110ms)
		ReleaseScriptCaches (0ms)
		RebuildScriptCaches (0ms)
		SetupLoadedEditorAssemblies (827ms)
			LogAssemblyErrors (0ms)
			InitializePlatformSupportModulesInManaged (2ms)
			SetLoadedEditorAssemblies (5ms)
			BeforeProcessingInitializeOnLoad (197ms)
			ProcessInitializeOnLoadAttributes (569ms)
			ProcessInitializeOnLoadMethodAttributes (46ms)
			AfterProcessingInitializeOnLoad (7ms)
			EditorAssembliesLoaded (0ms)
		ExecutionOrderSort2 (0ms)
		AwakeInstancesAfterBackupRestoration (14ms)
Refreshing native plugins compatible for Editor in 1.54 ms, found 3 plugins.
Preloading 0 native plugins for Editor in 0.00 ms.
Unloading 13 Unused Serialized files (Serialized files now loaded: 0)
Unloading 5957 unused Assets / (3.8 MB). Loaded Objects now: 7248.
Memory consumption went from 236.7 MB to 232.8 MB.
Total: 7.073300 ms (FindLiveObjects: 0.706700 ms CreateObjectMapping: 0.356700 ms MarkObjects: 3.902100 ms  DeleteObjects: 2.107100 ms)

Prepare: number of updated asset objects reloaded= 0
========================================================================
Received Prepare
Begin MonoManager ReloadAssembly
- Loaded All Assemblies, in  0.725 seconds
Refreshing native plugins compatible for Editor in 1.47 ms, found 3 plugins.
Native extension for WindowsStandalone target not found
Mono: successfully reloaded assembly
- Finished resetting the current domain, in  0.711 seconds
Domain Reload Profiling: 1433ms
	BeginReloadAssembly (197ms)
		ExecutionOrderSort (0ms)
		DisableScriptedObjects (6ms)
		BackupInstance (0ms)
		ReleaseScriptingObjects (0ms)
		CreateAndSetChildDomain (53ms)
	RebuildCommonClasses (32ms)
	RebuildNativeTypeToScriptingClass (11ms)
	initialDomainReloadingComplete (30ms)
	LoadAllAssembliesAndSetupDomain (452ms)
		LoadAssemblies (363ms)
		RebuildTransferFunctionScriptingTraits (0ms)
		AnalyzeDomain (183ms)
			TypeCache.Refresh (9ms)
				TypeCache.ScanAssembly (1ms)
			BuildScriptInfoCaches (161ms)
			ResolveRequiredComponents (9ms)
	FinalizeReload (712ms)
		ReleaseScriptCaches (0ms)
		RebuildScriptCaches (0ms)
		SetupLoadedEditorAssemblies (537ms)
			LogAssemblyErrors (0ms)
			InitializePlatformSupportModulesInManaged (2ms)
			SetLoadedEditorAssemblies (4ms)
			BeforeProcessingInitializeOnLoad (99ms)
			ProcessInitializeOnLoadAttributes (372ms)
			ProcessInitializeOnLoadMethodAttributes (53ms)
			AfterProcessingInitializeOnLoad (7ms)
			EditorAssembliesLoaded (0ms)
		ExecutionOrderSort2 (0ms)
		AwakeInstancesAfterBackupRestoration (15ms)
Refreshing native plugins compatible for Editor in 1.64 ms, found 3 plugins.
Preloading 0 native plugins for Editor in 0.00 ms.
Unloading 13 Unused Serialized files (Serialized files now loaded: 0)
Unloading 5957 unused Assets / (3.9 MB). Loaded Objects now: 7250.
Memory consumption went from 236.7 MB to 232.7 MB.
Total: 8.455700 ms (FindLiveObjects: 0.810200 ms CreateObjectMapping: 0.422900 ms MarkObjects: 4.801300 ms  DeleteObjects: 2.419800 ms)

Prepare: number of updated asset objects reloaded= 0
========================================================================
Received Prepare
Refreshing native plugins compatible for Editor in 2.18 ms, found 3 plugins.
Preloading 0 native plugins for Editor in 0.00 ms.
Unloading 13 Unused Serialized files (Serialized files now loaded: 0)
Unloading 5950 unused Assets / (4.6 MB). Loaded Objects now: 7250.
Memory consumption went from 236.8 MB to 232.3 MB.
Total: 12.447700 ms (FindLiveObjects: 1.290400 ms CreateObjectMapping: 0.780700 ms MarkObjects: 6.965400 ms  DeleteObjects: 3.409700 ms)

Prepare: number of updated asset objects reloaded= 0
========================================================================
Received Prepare
Refreshing native plugins compatible for Editor in 1.52 ms, found 3 plugins.
Preloading 0 native plugins for Editor in 0.00 ms.
Unloading 13 Unused Serialized files (Serialized files now loaded: 0)
Unloading 5950 unused Assets / (3.8 MB). Loaded Objects now: 7250.
Memory consumption went from 236.8 MB to 233.0 MB.
Total: 7.860000 ms (FindLiveObjects: 0.744400 ms CreateObjectMapping: 0.372900 ms MarkObjects: 4.352100 ms  DeleteObjects: 2.389800 ms)

Prepare: number of updated asset objects reloaded= 0
========================================================================
Received Prepare
Begin MonoManager ReloadAssembly
- Loaded All Assemblies, in  0.715 seconds
Refreshing native plugins compatible for Editor in 1.44 ms, found 3 plugins.
Native extension for WindowsStandalone target not found
Mono: successfully reloaded assembly
- Finished resetting the current domain, in  0.716 seconds
Domain Reload Profiling: 1429ms
	BeginReloadAssembly (196ms)
		ExecutionOrderSort (0ms)
		DisableScriptedObjects (7ms)
		BackupInstance (0ms)
		ReleaseScriptingObjects (0ms)
		CreateAndSetChildDomain (48ms)
	RebuildCommonClasses (32ms)
	RebuildNativeTypeToScriptingClass (12ms)
	initialDomainReloadingComplete (31ms)
	LoadAllAssembliesAndSetupDomain (442ms)
		LoadAssemblies (356ms)
		RebuildTransferFunctionScriptingTraits (0ms)
		AnalyzeDomain (181ms)
			TypeCache.Refresh (11ms)
				TypeCache.ScanAssembly (1ms)
			BuildScriptInfoCaches (156ms)
			ResolveRequiredComponents (10ms)
	FinalizeReload (717ms)
		ReleaseScriptCaches (0ms)
		RebuildScriptCaches (0ms)
		SetupLoadedEditorAssemblies (543ms)
			LogAssemblyErrors (0ms)
			InitializePlatformSupportModulesInManaged (2ms)
			SetLoadedEditorAssemblies (5ms)
			BeforeProcessingInitializeOnLoad (103ms)
			ProcessInitializeOnLoadAttributes (379ms)
			ProcessInitializeOnLoadMethodAttributes (46ms)
			AfterProcessingInitializeOnLoad (7ms)
			EditorAssembliesLoaded (0ms)
		ExecutionOrderSort2 (0ms)
		AwakeInstancesAfterBackupRestoration (14ms)
Refreshing native plugins compatible for Editor in 1.54 ms, found 3 plugins.
Preloading 0 native plugins for Editor in 0.00 ms.
Unloading 13 Unused Serialized files (Serialized files now loaded: 0)
Unloading 5957 unused Assets / (3.7 MB). Loaded Objects now: 7252.
Memory consumption went from 236.7 MB to 232.9 MB.
Total: 7.112500 ms (FindLiveObjects: 0.719600 ms CreateObjectMapping: 0.333500 ms MarkObjects: 4.138400 ms  DeleteObjects: 1.920400 ms)

Prepare: number of updated asset objects reloaded= 0
========================================================================
Received Prepare
Begin MonoManager ReloadAssembly
- Loaded All Assemblies, in  0.692 seconds
Refreshing native plugins compatible for Editor in 1.66 ms, found 3 plugins.
Native extension for WindowsStandalone target not found
Mono: successfully reloaded assembly
- Finished resetting the current domain, in  0.656 seconds
Domain Reload Profiling: 1346ms
	BeginReloadAssembly (188ms)
		ExecutionOrderSort (0ms)
		DisableScriptedObjects (6ms)
		BackupInstance (0ms)
		ReleaseScriptingObjects (0ms)
		CreateAndSetChildDomain (48ms)
	RebuildCommonClasses (34ms)
	RebuildNativeTypeToScriptingClass (10ms)
	initialDomainReloadingComplete (29ms)
	LoadAllAssembliesAndSetupDomain (428ms)
		LoadAssemblies (352ms)
		RebuildTransferFunctionScriptingTraits (0ms)
		AnalyzeDomain (167ms)
			TypeCache.Refresh (8ms)
				TypeCache.ScanAssembly (0ms)
			BuildScriptInfoCaches (147ms)
			ResolveRequiredComponents (9ms)
	FinalizeReload (657ms)
		ReleaseScriptCaches (0ms)
		RebuildScriptCaches (0ms)
		SetupLoadedEditorAssemblies (489ms)
			LogAssemblyErrors (0ms)
			InitializePlatformSupportModulesInManaged (2ms)
			SetLoadedEditorAssemblies (5ms)
			BeforeProcessingInitializeOnLoad (101ms)
			ProcessInitializeOnLoadAttributes (323ms)
			ProcessInitializeOnLoadMethodAttributes (48ms)
			AfterProcessingInitializeOnLoad (9ms)
			EditorAssembliesLoaded (0ms)
		ExecutionOrderSort2 (0ms)
		AwakeInstancesAfterBackupRestoration (15ms)
Refreshing native plugins compatible for Editor in 2.20 ms, found 3 plugins.
Preloading 0 native plugins for Editor in 0.00 ms.
Unloading 13 Unused Serialized files (Serialized files now loaded: 0)
Unloading 5957 unused Assets / (3.7 MB). Loaded Objects now: 7254.
Memory consumption went from 236.7 MB to 232.9 MB.
Total: 8.108500 ms (FindLiveObjects: 0.936500 ms CreateObjectMapping: 1.005000 ms MarkObjects: 4.120800 ms  DeleteObjects: 2.045200 ms)

Prepare: number of updated asset objects reloaded= 0
========================================================================
Received Prepare
Begin MonoManager ReloadAssembly
- Loaded All Assemblies, in  0.717 seconds
Refreshing native plugins compatible for Editor in 1.46 ms, found 3 plugins.
Native extension for WindowsStandalone target not found
Mono: successfully reloaded assembly
- Finished resetting the current domain, in  0.677 seconds
Domain Reload Profiling: 1391ms
	BeginReloadAssembly (199ms)
		ExecutionOrderSort (0ms)
		DisableScriptedObjects (6ms)
		BackupInstance (0ms)
		ReleaseScriptingObjects (0ms)
		CreateAndSetChildDomain (50ms)
	RebuildCommonClasses (37ms)
	RebuildNativeTypeToScriptingClass (11ms)
	initialDomainReloadingComplete (31ms)
	LoadAllAssembliesAndSetupDomain (434ms)
		LoadAssemblies (362ms)
		RebuildTransferFunctionScriptingTraits (0ms)
		AnalyzeDomain (172ms)
			TypeCache.Refresh (6ms)
				TypeCache.ScanAssembly (0ms)
			BuildScriptInfoCaches (154ms)
			ResolveRequiredComponents (9ms)
	FinalizeReload (678ms)
		ReleaseScriptCaches (0ms)
		RebuildScriptCaches (0ms)
		SetupLoadedEditorAssemblies (510ms)
			LogAssemblyErrors (0ms)
			InitializePlatformSupportModulesInManaged (2ms)
			SetLoadedEditorAssemblies (5ms)
			BeforeProcessingInitializeOnLoad (103ms)
			ProcessInitializeOnLoadAttributes (347ms)
			ProcessInitializeOnLoadMethodAttributes (46ms)
			AfterProcessingInitializeOnLoad (7ms)
			EditorAssembliesLoaded (0ms)
		ExecutionOrderSort2 (0ms)
		AwakeInstancesAfterBackupRestoration (15ms)
Refreshing native plugins compatible for Editor in 1.52 ms, found 3 plugins.
Preloading 0 native plugins for Editor in 0.00 ms.
Unloading 13 Unused Serialized files (Serialized files now loaded: 0)
Unloading 5957 unused Assets / (4.1 MB). Loaded Objects now: 7256.
Memory consumption went from 236.7 MB to 232.6 MB.
Total: 9.255800 ms (FindLiveObjects: 0.843600 ms CreateObjectMapping: 0.935500 ms MarkObjects: 4.887100 ms  DeleteObjects: 2.588700 ms)

Prepare: number of updated asset objects reloaded= 0
========================================================================
Received Prepare
Refreshing native plugins compatible for Editor in 2.14 ms, found 3 plugins.
Preloading 0 native plugins for Editor in 0.00 ms.
Unloading 13 Unused Serialized files (Serialized files now loaded: 0)
Unloading 5950 unused Assets / (4.9 MB). Loaded Objects now: 7256.
Memory consumption went from 236.9 MB to 231.9 MB.
Total: 12.352600 ms (FindLiveObjects: 0.801100 ms CreateObjectMapping: 0.853600 ms MarkObjects: 6.727400 ms  DeleteObjects: 3.968900 ms)

Prepare: number of updated asset objects reloaded= 0
========================================================================
Received Prepare
Refreshing native plugins compatible for Editor in 2.12 ms, found 3 plugins.
Preloading 0 native plugins for Editor in 0.00 ms.
Unloading 13 Unused Serialized files (Serialized files now loaded: 0)
Unloading 5950 unused Assets / (4.3 MB). Loaded Objects now: 7256.
Memory consumption went from 236.9 MB to 232.5 MB.
Total: 11.583700 ms (FindLiveObjects: 1.186200 ms CreateObjectMapping: 1.070500 ms MarkObjects: 5.941900 ms  DeleteObjects: 3.383300 ms)

Prepare: number of updated asset objects reloaded= 0
========================================================================
Received Prepare
Refreshing native plugins compatible for Editor in 1.61 ms, found 3 plugins.
Preloading 0 native plugins for Editor in 0.00 ms.
Unloading 13 Unused Serialized files (Serialized files now loaded: 0)
Unloading 5950 unused Assets / (4.3 MB). Loaded Objects now: 7256.
Memory consumption went from 236.9 MB to 232.6 MB.
Total: 9.803800 ms (FindLiveObjects: 0.742300 ms CreateObjectMapping: 0.471100 ms MarkObjects: 5.258400 ms  DeleteObjects: 3.330800 ms)

Prepare: number of updated asset objects reloaded= 0
========================================================================
Received Prepare
Refreshing native plugins compatible for Editor in 1.63 ms, found 3 plugins.
Preloading 0 native plugins for Editor in 0.00 ms.
Unloading 13 Unused Serialized files (Serialized files now loaded: 0)
Unloading 5950 unused Assets / (4.2 MB). Loaded Objects now: 7256.
Memory consumption went from 236.9 MB to 232.6 MB.
Total: 10.236600 ms (FindLiveObjects: 0.761700 ms CreateObjectMapping: 0.882400 ms MarkObjects: 5.396600 ms  DeleteObjects: 3.194800 ms)

Prepare: number of updated asset objects reloaded= 0
========================================================================
Received Prepare
Refreshing native plugins compatible for Editor in 2.12 ms, found 3 plugins.
Preloading 0 native plugins for Editor in 0.00 ms.
Unloading 13 Unused Serialized files (Serialized files now loaded: 0)
Unloading 5950 unused Assets / (4.5 MB). Loaded Objects now: 7256.
Memory consumption went from 236.9 MB to 232.4 MB.
Total: 11.149000 ms (FindLiveObjects: 0.935700 ms CreateObjectMapping: 0.658500 ms MarkObjects: 6.051600 ms  DeleteObjects: 3.501900 ms)

Prepare: number of updated asset objects reloaded= 0
========================================================================
Received Prepare
Refreshing native plugins compatible for Editor in 1.59 ms, found 3 plugins.
Preloading 0 native plugins for Editor in 0.00 ms.
Unloading 13 Unused Serialized files (Serialized files now loaded: 0)
Unloading 5950 unused Assets / (4.1 MB). Loaded Objects now: 7256.
Memory consumption went from 236.9 MB to 232.7 MB.
Total: 9.482400 ms (FindLiveObjects: 0.744400 ms CreateObjectMapping: 0.439600 ms MarkObjects: 5.110300 ms  DeleteObjects: 3.187000 ms)

Prepare: number of updated asset objects reloaded= 0
========================================================================
Received Prepare
Begin MonoManager ReloadAssembly
- Loaded All Assemblies, in  0.743 seconds
Refreshing native plugins compatible for Editor in 1.56 ms, found 3 plugins.
Native extension for WindowsStandalone target not found
Mono: successfully reloaded assembly
- Finished resetting the current domain, in  0.755 seconds
Domain Reload Profiling: 1494ms
	BeginReloadAssembly (199ms)
		ExecutionOrderSort (0ms)
		DisableScriptedObjects (6ms)
		BackupInstance (0ms)
		ReleaseScriptingObjects (0ms)
		CreateAndSetChildDomain (52ms)
	RebuildCommonClasses (37ms)
	RebuildNativeTypeToScriptingClass (17ms)
	initialDomainReloadingComplete (31ms)
	LoadAllAssembliesAndSetupDomain (455ms)
		LoadAssemblies (370ms)
		RebuildTransferFunctionScriptingTraits (0ms)
		AnalyzeDomain (182ms)
			TypeCache.Refresh (13ms)
				TypeCache.ScanAssembly (1ms)
			BuildScriptInfoCaches (155ms)
			ResolveRequiredComponents (10ms)
	FinalizeReload (755ms)
		ReleaseScriptCaches (0ms)
		RebuildScriptCaches (0ms)
		SetupLoadedEditorAssemblies (569ms)
			LogAssemblyErrors (0ms)
			InitializePlatformSupportModulesInManaged (2ms)
			SetLoadedEditorAssemblies (5ms)
			BeforeProcessingInitializeOnLoad (114ms)
			ProcessInitializeOnLoadAttributes (391ms)
			ProcessInitializeOnLoadMethodAttributes (50ms)
			AfterProcessingInitializeOnLoad (6ms)
			EditorAssembliesLoaded (0ms)
		ExecutionOrderSort2 (0ms)
		AwakeInstancesAfterBackupRestoration (16ms)
Refreshing native plugins compatible for Editor in 1.57 ms, found 3 plugins.
Preloading 0 native plugins for Editor in 0.00 ms.
Unloading 13 Unused Serialized files (Serialized files now loaded: 0)
Unloading 5957 unused Assets / (4.0 MB). Loaded Objects now: 7258.
Memory consumption went from 236.7 MB to 232.6 MB.
Total: 9.058100 ms (FindLiveObjects: 0.771200 ms CreateObjectMapping: 0.831800 ms MarkObjects: 4.867700 ms  DeleteObjects: 2.586200 ms)

Prepare: number of updated asset objects reloaded= 0
========================================================================
Received Prepare
Begin MonoManager ReloadAssembly
- Loaded All Assemblies, in  0.817 seconds
Refreshing native plugins compatible for Editor in 1.52 ms, found 3 plugins.
Native extension for WindowsStandalone target not found
Mono: successfully reloaded assembly
- Finished resetting the current domain, in  0.741 seconds
Domain Reload Profiling: 1554ms
	BeginReloadAssembly (237ms)
		ExecutionOrderSort (0ms)
		DisableScriptedObjects (8ms)
		BackupInstance (0ms)
		ReleaseScriptingObjects (0ms)
		CreateAndSetChildDomain (72ms)
	RebuildCommonClasses (36ms)
	RebuildNativeTypeToScriptingClass (16ms)
	initialDomainReloadingComplete (32ms)
	LoadAllAssembliesAndSetupDomain (492ms)
		LoadAssemblies (402ms)
		RebuildTransferFunctionScriptingTraits (0ms)
		AnalyzeDomain (190ms)
			TypeCache.Refresh (6ms)
				TypeCache.ScanAssembly (0ms)
			BuildScriptInfoCaches (171ms)
			ResolveRequiredComponents (10ms)
	FinalizeReload (742ms)
		ReleaseScriptCaches (0ms)
		RebuildScriptCaches (0ms)
		SetupLoadedEditorAssemblies (551ms)
			LogAssemblyErrors (0ms)
			InitializePlatformSupportModulesInManaged (2ms)
			SetLoadedEditorAssemblies (6ms)
			BeforeProcessingInitializeOnLoad (113ms)
			ProcessInitializeOnLoadAttributes (372ms)
			ProcessInitializeOnLoadMethodAttributes (51ms)
			AfterProcessingInitializeOnLoad (7ms)
			EditorAssembliesLoaded (0ms)
		ExecutionOrderSort2 (0ms)
		AwakeInstancesAfterBackupRestoration (15ms)
Refreshing native plugins compatible for Editor in 1.55 ms, found 3 plugins.
Preloading 0 native plugins for Editor in 0.00 ms.
Unloading 13 Unused Serialized files (Serialized files now loaded: 0)
Unloading 5957 unused Assets / (4.6 MB). Loaded Objects now: 7260.
Memory consumption went from 236.7 MB to 232.0 MB.
Total: 14.215600 ms (FindLiveObjects: 0.894500 ms CreateObjectMapping: 0.929800 ms MarkObjects: 7.649000 ms  DeleteObjects: 4.740500 ms)

Prepare: number of updated asset objects reloaded= 0
========================================================================
Received Prepare
Begin MonoManager ReloadAssembly
- Loaded All Assemblies, in  0.759 seconds
Refreshing native plugins compatible for Editor in 1.50 ms, found 3 plugins.
Native extension for WindowsStandalone target not found
Mono: successfully reloaded assembly
- Finished resetting the current domain, in  0.764 seconds
Domain Reload Profiling: 1520ms
	BeginReloadAssembly (206ms)
		ExecutionOrderSort (0ms)
		DisableScriptedObjects (6ms)
		BackupInstance (0ms)
		ReleaseScriptingObjects (0ms)
		CreateAndSetChildDomain (53ms)
	RebuildCommonClasses (31ms)
	RebuildNativeTypeToScriptingClass (10ms)
	initialDomainReloadingComplete (30ms)
	LoadAllAssembliesAndSetupDomain (478ms)
		LoadAssemblies (401ms)
		RebuildTransferFunctionScriptingTraits (0ms)
		AnalyzeDomain (180ms)
			TypeCache.Refresh (9ms)
				TypeCache.ScanAssembly (1ms)
			BuildScriptInfoCaches (158ms)
			ResolveRequiredComponents (10ms)
	FinalizeReload (764ms)
		ReleaseScriptCaches (0ms)
		RebuildScriptCaches (0ms)
		SetupLoadedEditorAssemblies (585ms)
			LogAssemblyErrors (0ms)
			InitializePlatformSupportModulesInManaged (2ms)
			SetLoadedEditorAssemblies (6ms)
			BeforeProcessingInitializeOnLoad (127ms)
			ProcessInitializeOnLoadAttributes (397ms)
			ProcessInitializeOnLoadMethodAttributes (46ms)
			AfterProcessingInitializeOnLoad (7ms)
			EditorAssembliesLoaded (0ms)
		ExecutionOrderSort2 (0ms)
		AwakeInstancesAfterBackupRestoration (16ms)
Refreshing native plugins compatible for Editor in 1.74 ms, found 3 plugins.
Preloading 0 native plugins for Editor in 0.00 ms.
Unloading 13 Unused Serialized files (Serialized files now loaded: 0)
Unloading 5957 unused Assets / (3.9 MB). Loaded Objects now: 7262.
Memory consumption went from 236.7 MB to 232.7 MB.
Total: 8.938900 ms (FindLiveObjects: 0.893700 ms CreateObjectMapping: 0.546800 ms MarkObjects: 4.897300 ms  DeleteObjects: 2.600200 ms)

Prepare: number of updated asset objects reloaded= 0
========================================================================
Received Prepare
Begin MonoManager ReloadAssembly
- Loaded All Assemblies, in  2.784 seconds
Refreshing native plugins compatible for Editor in 2.35 ms, found 3 plugins.
Native extension for WindowsStandalone target not found
Mono: successfully reloaded assembly
- Finished resetting the current domain, in  0.828 seconds
Domain Reload Profiling: 3610ms
	BeginReloadAssembly (396ms)
		ExecutionOrderSort (0ms)
		DisableScriptedObjects (6ms)
		BackupInstance (0ms)
		ReleaseScriptingObjects (0ms)
		CreateAndSetChildDomain (46ms)
	RebuildCommonClasses (122ms)
	RebuildNativeTypeToScriptingClass (11ms)
	initialDomainReloadingComplete (31ms)
	LoadAllAssembliesAndSetupDomain (2220ms)
		LoadAssemblies (2336ms)
		RebuildTransferFunctionScriptingTraits (0ms)
		AnalyzeDomain (185ms)
			TypeCache.Refresh (9ms)
				TypeCache.ScanAssembly (0ms)
			BuildScriptInfoCaches (163ms)
			ResolveRequiredComponents (9ms)
	FinalizeReload (829ms)
		ReleaseScriptCaches (0ms)
		RebuildScriptCaches (0ms)
		SetupLoadedEditorAssemblies (538ms)
			LogAssemblyErrors (0ms)
			InitializePlatformSupportModulesInManaged (2ms)
			SetLoadedEditorAssemblies (5ms)
			BeforeProcessingInitializeOnLoad (109ms)
			ProcessInitializeOnLoadAttributes (365ms)
			ProcessInitializeOnLoadMethodAttributes (48ms)
			AfterProcessingInitializeOnLoad (8ms)
			EditorAssembliesLoaded (0ms)
		ExecutionOrderSort2 (0ms)
		AwakeInstancesAfterBackupRestoration (17ms)
Refreshing native plugins compatible for Editor in 2.09 ms, found 3 plugins.
Preloading 0 native plugins for Editor in 0.00 ms.
Unloading 13 Unused Serialized files (Serialized files now loaded: 0)
Unloading 5957 unused Assets / (4.1 MB). Loaded Objects now: 7264.
Memory consumption went from 236.7 MB to 232.6 MB.
Total: 9.619100 ms (FindLiveObjects: 1.122300 ms CreateObjectMapping: 0.950300 ms MarkObjects: 4.761200 ms  DeleteObjects: 2.784100 ms)

Prepare: number of updated asset objects reloaded= 0
========================================================================
Received Prepare
Refreshing native plugins compatible for Editor in 1.64 ms, found 3 plugins.
Preloading 0 native plugins for Editor in 0.00 ms.
Unloading 13 Unused Serialized files (Serialized files now loaded: 0)
Unloading 5950 unused Assets / (4.3 MB). Loaded Objects now: 7264.
Memory consumption went from 236.9 MB to 232.6 MB.
Total: 10.866800 ms (FindLiveObjects: 0.834900 ms CreateObjectMapping: 0.951800 ms MarkObjects: 5.522600 ms  DeleteObjects: 3.556000 ms)

Prepare: number of updated asset objects reloaded= 0
========================================================================
Received Prepare
Refreshing native plugins compatible for Editor in 1.71 ms, found 3 plugins.
Preloading 0 native plugins for Editor in 0.00 ms.
Unloading 13 Unused Serialized files (Serialized files now loaded: 0)
Unloading 5950 unused Assets / (4.3 MB). Loaded Objects now: 7264.
Memory consumption went from 236.9 MB to 232.6 MB.
Total: 9.509900 ms (FindLiveObjects: 0.843800 ms CreateObjectMapping: 0.595500 ms MarkObjects: 4.824700 ms  DeleteObjects: 3.244500 ms)

Prepare: number of updated asset objects reloaded= 0
========================================================================
Received Prepare
Refreshing native plugins compatible for Editor in 1.68 ms, found 3 plugins.
Preloading 0 native plugins for Editor in 0.00 ms.
Unloading 13 Unused Serialized files (Serialized files now loaded: 0)
Unloading 5950 unused Assets / (4.2 MB). Loaded Objects now: 7264.
Memory consumption went from 236.9 MB to 232.7 MB.
Total: 11.172200 ms (FindLiveObjects: 0.897700 ms CreateObjectMapping: 0.508200 ms MarkObjects: 6.575800 ms  DeleteObjects: 3.189000 ms)

Prepare: number of updated asset objects reloaded= 0
========================================================================
Received Prepare
Refreshing native plugins compatible for Editor in 1.96 ms, found 3 plugins.
Preloading 0 native plugins for Editor in 0.00 ms.
Unloading 13 Unused Serialized files (Serialized files now loaded: 0)
Unloading 5950 unused Assets / (5.0 MB). Loaded Objects now: 7264.
Memory consumption went from 236.9 MB to 231.9 MB.
Total: 14.303500 ms (FindLiveObjects: 1.306500 ms CreateObjectMapping: 1.069200 ms MarkObjects: 7.712800 ms  DeleteObjects: 4.212800 ms)

Prepare: number of updated asset objects reloaded= 0
========================================================================
Received Prepare
Begin MonoManager ReloadAssembly
- Loaded All Assemblies, in  0.747 seconds
Refreshing native plugins compatible for Editor in 1.35 ms, found 3 plugins.
Native extension for WindowsStandalone target not found
Mono: successfully reloaded assembly
- Finished resetting the current domain, in  0.701 seconds
Domain Reload Profiling: 1445ms
	BeginReloadAssembly (204ms)
		ExecutionOrderSort (0ms)
		DisableScriptedObjects (8ms)
		BackupInstance (0ms)
		ReleaseScriptingObjects (0ms)
		CreateAndSetChildDomain (49ms)
	RebuildCommonClasses (32ms)
	RebuildNativeTypeToScriptingClass (10ms)
	initialDomainReloadingComplete (32ms)
	LoadAllAssembliesAndSetupDomain (466ms)
		LoadAssemblies (382ms)
		RebuildTransferFunctionScriptingTraits (0ms)
		AnalyzeDomain (182ms)
			TypeCache.Refresh (11ms)
				TypeCache.ScanAssembly (1ms)
			BuildScriptInfoCaches (158ms)
			ResolveRequiredComponents (9ms)
	FinalizeReload (701ms)
		ReleaseScriptCaches (0ms)
		RebuildScriptCaches (0ms)
		SetupLoadedEditorAssemblies (536ms)
			LogAssemblyErrors (0ms)
			InitializePlatformSupportModulesInManaged (3ms)
			SetLoadedEditorAssemblies (5ms)
			BeforeProcessingInitializeOnLoad (109ms)
			ProcessInitializeOnLoadAttributes (366ms)
			ProcessInitializeOnLoadMethodAttributes (47ms)
			AfterProcessingInitializeOnLoad (7ms)
			EditorAssembliesLoaded (0ms)
		ExecutionOrderSort2 (0ms)
		AwakeInstancesAfterBackupRestoration (15ms)
Refreshing native plugins compatible for Editor in 1.90 ms, found 3 plugins.
Preloading 0 native plugins for Editor in 0.00 ms.
Unloading 13 Unused Serialized files (Serialized files now loaded: 0)
Unloading 5957 unused Assets / (4.3 MB). Loaded Objects now: 7266.
Memory consumption went from 236.7 MB to 232.4 MB.
Total: 10.369500 ms (FindLiveObjects: 0.905500 ms CreateObjectMapping: 0.572900 ms MarkObjects: 5.578100 ms  DeleteObjects: 3.311600 ms)

Prepare: number of updated asset objects reloaded= 0
========================================================================
Received Prepare
Begin MonoManager ReloadAssembly
- Loaded All Assemblies, in  0.723 seconds
Refreshing native plugins compatible for Editor in 1.45 ms, found 3 plugins.
Native extension for WindowsStandalone target not found
Mono: successfully reloaded assembly
- Finished resetting the current domain, in  0.705 seconds
Domain Reload Profiling: 1425ms
	BeginReloadAssembly (195ms)
		ExecutionOrderSort (0ms)
		DisableScriptedObjects (6ms)
		BackupInstance (0ms)
		ReleaseScriptingObjects (0ms)
		CreateAndSetChildDomain (48ms)
	RebuildCommonClasses (31ms)
	RebuildNativeTypeToScriptingClass (10ms)
	initialDomainReloadingComplete (32ms)
	LoadAllAssembliesAndSetupDomain (452ms)
		LoadAssemblies (374ms)
		RebuildTransferFunctionScriptingTraits (0ms)
		AnalyzeDomain (175ms)
			TypeCache.Refresh (9ms)
				TypeCache.ScanAssembly (0ms)
			BuildScriptInfoCaches (154ms)
			ResolveRequiredComponents (10ms)
	FinalizeReload (705ms)
		ReleaseScriptCaches (0ms)
		RebuildScriptCaches (0ms)
		SetupLoadedEditorAssemblies (523ms)
			LogAssemblyErrors (0ms)
			InitializePlatformSupportModulesInManaged (2ms)
			SetLoadedEditorAssemblies (4ms)
			BeforeProcessingInitializeOnLoad (108ms)
			ProcessInitializeOnLoadAttributes (352ms)
			ProcessInitializeOnLoadMethodAttributes (50ms)
			AfterProcessingInitializeOnLoad (7ms)
			EditorAssembliesLoaded (0ms)
		ExecutionOrderSort2 (0ms)
		AwakeInstancesAfterBackupRestoration (15ms)
Refreshing native plugins compatible for Editor in 2.21 ms, found 3 plugins.
Preloading 0 native plugins for Editor in 0.00 ms.
Unloading 13 Unused Serialized files (Serialized files now loaded: 0)
Unloading 5957 unused Assets / (4.0 MB). Loaded Objects now: 7268.
Memory consumption went from 236.7 MB to 232.7 MB.
Total: 11.215600 ms (FindLiveObjects: 1.456500 ms CreateObjectMapping: 1.405200 ms MarkObjects: 5.622500 ms  DeleteObjects: 2.730000 ms)

Prepare: number of updated asset objects reloaded= 0
========================================================================
Received Prepare
Refreshing native plugins compatible for Editor in 1.67 ms, found 3 plugins.
Preloading 0 native plugins for Editor in 0.00 ms.
Unloading 13 Unused Serialized files (Serialized files now loaded: 0)
Unloading 5950 unused Assets / (4.1 MB). Loaded Objects now: 7268.
Memory consumption went from 236.9 MB to 232.8 MB.
Total: 8.988500 ms (FindLiveObjects: 0.840600 ms CreateObjectMapping: 0.555500 ms MarkObjects: 4.773000 ms  DeleteObjects: 2.818400 ms)

Prepare: number of updated asset objects reloaded= 0
========================================================================
Received Prepare
Refreshing native plugins compatible for Editor in 2.25 ms, found 3 plugins.
Preloading 0 native plugins for Editor in 0.00 ms.
Unloading 13 Unused Serialized files (Serialized files now loaded: 0)
Unloading 5950 unused Assets / (4.5 MB). Loaded Objects now: 7268.
Memory consumption went from 236.9 MB to 232.4 MB.
Total: 11.392700 ms (FindLiveObjects: 1.195200 ms CreateObjectMapping: 0.627900 ms MarkObjects: 6.486900 ms  DeleteObjects: 3.081200 ms)

Prepare: number of updated asset objects reloaded= 0
========================================================================
Received Prepare
Begin MonoManager ReloadAssembly
- Loaded All Assemblies, in  0.706 seconds
Refreshing native plugins compatible for Editor in 1.58 ms, found 3 plugins.
Native extension for WindowsStandalone target not found
Mono: successfully reloaded assembly
- Finished resetting the current domain, in  0.734 seconds
Domain Reload Profiling: 1437ms
	BeginReloadAssembly (192ms)
		ExecutionOrderSort (0ms)
		DisableScriptedObjects (6ms)
		BackupInstance (0ms)
		ReleaseScriptingObjects (0ms)
		CreateAndSetChildDomain (47ms)
	RebuildCommonClasses (31ms)
	RebuildNativeTypeToScriptingClass (10ms)
	initialDomainReloadingComplete (30ms)
	LoadAllAssembliesAndSetupDomain (438ms)
		LoadAssemblies (357ms)
		RebuildTransferFunctionScriptingTraits (0ms)
		AnalyzeDomain (175ms)
			TypeCache.Refresh (11ms)
				TypeCache.ScanAssembly (1ms)
			BuildScriptInfoCaches (151ms)
			ResolveRequiredComponents (9ms)
	FinalizeReload (735ms)
		ReleaseScriptCaches (0ms)
		RebuildScriptCaches (0ms)
		SetupLoadedEditorAssemblies (540ms)
			LogAssemblyErrors (0ms)
			InitializePlatformSupportModulesInManaged (2ms)
			SetLoadedEditorAssemblies (5ms)
			BeforeProcessingInitializeOnLoad (100ms)
			ProcessInitializeOnLoadAttributes (378ms)
			ProcessInitializeOnLoadMethodAttributes (48ms)
			AfterProcessingInitializeOnLoad (7ms)
			EditorAssembliesLoaded (0ms)
		ExecutionOrderSort2 (0ms)
		AwakeInstancesAfterBackupRestoration (15ms)
Refreshing native plugins compatible for Editor in 1.51 ms, found 3 plugins.
Preloading 0 native plugins for Editor in 0.00 ms.
Unloading 13 Unused Serialized files (Serialized files now loaded: 0)
Unloading 5957 unused Assets / (3.7 MB). Loaded Objects now: 7270.
Memory consumption went from 236.7 MB to 233.0 MB.
Total: 7.028300 ms (FindLiveObjects: 0.770200 ms CreateObjectMapping: 0.367300 ms MarkObjects: 4.054800 ms  DeleteObjects: 1.835400 ms)

Prepare: number of updated asset objects reloaded= 0
========================================================================
Received Prepare
Begin MonoManager ReloadAssembly
- Loaded All Assemblies, in  0.719 seconds
Refreshing native plugins compatible for Editor in 1.42 ms, found 3 plugins.
Native extension for WindowsStandalone target not found
Mono: successfully reloaded assembly
- Finished resetting the current domain, in  0.673 seconds
Domain Reload Profiling: 1390ms
	BeginReloadAssembly (198ms)
		ExecutionOrderSort (0ms)
		DisableScriptedObjects (6ms)
		BackupInstance (0ms)
		ReleaseScriptingObjects (0ms)
		CreateAndSetChildDomain (53ms)
	RebuildCommonClasses (31ms)
	RebuildNativeTypeToScriptingClass (10ms)
	initialDomainReloadingComplete (30ms)
	LoadAllAssembliesAndSetupDomain (447ms)
		LoadAssemblies (368ms)
		RebuildTransferFunctionScriptingTraits (0ms)
		AnalyzeDomain (173ms)
			TypeCache.Refresh (9ms)
				TypeCache.ScanAssembly (0ms)
			BuildScriptInfoCaches (151ms)
			ResolveRequiredComponents (9ms)
	FinalizeReload (674ms)
		ReleaseScriptCaches (0ms)
		RebuildScriptCaches (0ms)
		SetupLoadedEditorAssemblies (497ms)
			LogAssemblyErrors (0ms)
			InitializePlatformSupportModulesInManaged (2ms)
			SetLoadedEditorAssemblies (4ms)
			BeforeProcessingInitializeOnLoad (103ms)
			ProcessInitializeOnLoadAttributes (336ms)
			ProcessInitializeOnLoadMethodAttributes (44ms)
			AfterProcessingInitializeOnLoad (7ms)
			EditorAssembliesLoaded (0ms)
		ExecutionOrderSort2 (0ms)
		AwakeInstancesAfterBackupRestoration (15ms)
Refreshing native plugins compatible for Editor in 1.73 ms, found 3 plugins.
Preloading 0 native plugins for Editor in 0.00 ms.
Unloading 13 Unused Serialized files (Serialized files now loaded: 0)
Unloading 5957 unused Assets / (4.0 MB). Loaded Objects now: 7272.
Memory consumption went from 236.7 MB to 232.7 MB.
Total: 10.720200 ms (FindLiveObjects: 1.000800 ms CreateObjectMapping: 0.931700 ms MarkObjects: 6.244900 ms  DeleteObjects: 2.541800 ms)

Prepare: number of updated asset objects reloaded= 0
========================================================================
Received Prepare
Refreshing native plugins compatible for Editor in 1.71 ms, found 3 plugins.
Preloading 0 native plugins for Editor in 0.00 ms.
Unloading 13 Unused Serialized files (Serialized files now loaded: 0)
Unloading 5950 unused Assets / (3.8 MB). Loaded Objects now: 7272.
Memory consumption went from 236.9 MB to 233.0 MB.
Total: 8.199900 ms (FindLiveObjects: 0.734100 ms CreateObjectMapping: 0.367300 ms MarkObjects: 4.763600 ms  DeleteObjects: 2.333900 ms)

Prepare: number of updated asset objects reloaded= 0
========================================================================
Received Prepare
Refreshing native plugins compatible for Editor in 1.91 ms, found 3 plugins.
Preloading 0 native plugins for Editor in 0.00 ms.
Unloading 13 Unused Serialized files (Serialized files now loaded: 0)
Unloading 5950 unused Assets / (3.8 MB). Loaded Objects now: 7272.
Memory consumption went from 236.9 MB to 233.0 MB.
Total: 8.737300 ms (FindLiveObjects: 0.863900 ms CreateObjectMapping: 0.422900 ms MarkObjects: 4.835500 ms  DeleteObjects: 2.614000 ms)

Prepare: number of updated asset objects reloaded= 0
========================================================================
Received Prepare
Refreshing native plugins compatible for Editor in 1.71 ms, found 3 plugins.
Preloading 0 native plugins for Editor in 0.00 ms.
Unloading 13 Unused Serialized files (Serialized files now loaded: 0)
Unloading 5950 unused Assets / (4.2 MB). Loaded Objects now: 7272.
Memory consumption went from 236.9 MB to 232.6 MB.
Total: 10.339600 ms (FindLiveObjects: 0.835700 ms CreateObjectMapping: 0.508100 ms MarkObjects: 5.614200 ms  DeleteObjects: 3.380600 ms)

Prepare: number of updated asset objects reloaded= 0
========================================================================
Received Prepare
Refreshing native plugins compatible for Editor in 1.68 ms, found 3 plugins.
Preloading 0 native plugins for Editor in 0.00 ms.
Unloading 13 Unused Serialized files (Serialized files now loaded: 0)
Unloading 5950 unused Assets / (4.2 MB). Loaded Objects now: 7272.
Memory consumption went from 236.9 MB to 232.7 MB.
Total: 8.611500 ms (FindLiveObjects: 0.750800 ms CreateObjectMapping: 0.784600 ms MarkObjects: 4.643800 ms  DeleteObjects: 2.431600 ms)

Prepare: number of updated asset objects reloaded= 0
========================================================================
Received Prepare
Begin MonoManager ReloadAssembly
- Loaded All Assemblies, in  2.693 seconds
Refreshing native plugins compatible for Editor in 1.47 ms, found 3 plugins.
Native extension for WindowsStandalone target not found
Mono: successfully reloaded assembly
- Finished resetting the current domain, in  0.765 seconds
Domain Reload Profiling: 3455ms
	BeginReloadAssembly (414ms)
		ExecutionOrderSort (0ms)
		DisableScriptedObjects (6ms)
		BackupInstance (0ms)
		ReleaseScriptingObjects (0ms)
		CreateAndSetChildDomain (48ms)
	RebuildCommonClasses (120ms)
	RebuildNativeTypeToScriptingClass (10ms)
	initialDomainReloadingComplete (31ms)
	LoadAllAssembliesAndSetupDomain (2114ms)
		LoadAssemblies (2258ms)
		RebuildTransferFunctionScriptingTraits (0ms)
		AnalyzeDomain (170ms)
			TypeCache.Refresh (11ms)
				TypeCache.ScanAssembly (1ms)
			BuildScriptInfoCaches (146ms)
			ResolveRequiredComponents (9ms)
	FinalizeReload (765ms)
		ReleaseScriptCaches (0ms)
		RebuildScriptCaches (0ms)
		SetupLoadedEditorAssemblies (498ms)
			LogAssemblyErrors (0ms)
			InitializePlatformSupportModulesInManaged (2ms)
			SetLoadedEditorAssemblies (5ms)
			BeforeProcessingInitializeOnLoad (101ms)
			ProcessInitializeOnLoadAttributes (336ms)
			ProcessInitializeOnLoadMethodAttributes (46ms)
			AfterProcessingInitializeOnLoad (7ms)
			EditorAssembliesLoaded (0ms)
		ExecutionOrderSort2 (0ms)
		AwakeInstancesAfterBackupRestoration (15ms)
Refreshing native plugins compatible for Editor in 1.82 ms, found 3 plugins.
Preloading 0 native plugins for Editor in 0.00 ms.
Unloading 13 Unused Serialized files (Serialized files now loaded: 0)
Unloading 5957 unused Assets / (3.9 MB). Loaded Objects now: 7274.
Memory consumption went from 236.7 MB to 232.8 MB.
Total: 9.491100 ms (FindLiveObjects: 0.889500 ms CreateObjectMapping: 0.480600 ms MarkObjects: 5.356200 ms  DeleteObjects: 2.763500 ms)

Prepare: number of updated asset objects reloaded= 0
========================================================================
Received Prepare
Begin MonoManager ReloadAssembly
- Loaded All Assemblies, in  0.717 seconds
Refreshing native plugins compatible for Editor in 1.42 ms, found 3 plugins.
Native extension for WindowsStandalone target not found
Mono: successfully reloaded assembly
- Finished resetting the current domain, in  0.670 seconds
Domain Reload Profiling: 1384ms
	BeginReloadAssembly (191ms)
		ExecutionOrderSort (0ms)
		DisableScriptedObjects (6ms)
		BackupInstance (0ms)
		ReleaseScriptingObjects (0ms)
		CreateAndSetChildDomain (47ms)
	RebuildCommonClasses (31ms)
	RebuildNativeTypeToScriptingClass (11ms)
	initialDomainReloadingComplete (29ms)
	LoadAllAssembliesAndSetupDomain (452ms)
		LoadAssemblies (359ms)
		RebuildTransferFunctionScriptingTraits (0ms)
		AnalyzeDomain (185ms)
			TypeCache.Refresh (10ms)
				TypeCache.ScanAssembly (0ms)
			BuildScriptInfoCaches (163ms)
			ResolveRequiredComponents (10ms)
	FinalizeReload (670ms)
		ReleaseScriptCaches (0ms)
		RebuildScriptCaches (0ms)
		SetupLoadedEditorAssemblies (502ms)
			LogAssemblyErrors (0ms)
			InitializePlatformSupportModulesInManaged (2ms)
			SetLoadedEditorAssemblies (5ms)
			BeforeProcessingInitializeOnLoad (104ms)
			ProcessInitializeOnLoadAttributes (339ms)
			ProcessInitializeOnLoadMethodAttributes (44ms)
			AfterProcessingInitializeOnLoad (7ms)
			EditorAssembliesLoaded (0ms)
		ExecutionOrderSort2 (0ms)
		AwakeInstancesAfterBackupRestoration (14ms)
Refreshing native plugins compatible for Editor in 1.56 ms, found 3 plugins.
Preloading 0 native plugins for Editor in 0.00 ms.
Unloading 13 Unused Serialized files (Serialized files now loaded: 0)
Unloading 5957 unused Assets / (4.6 MB). Loaded Objects now: 7276.
Memory consumption went from 236.7 MB to 232.1 MB.
Total: 9.217100 ms (FindLiveObjects: 0.791000 ms CreateObjectMapping: 0.973000 ms MarkObjects: 4.537800 ms  DeleteObjects: 2.914100 ms)

Prepare: number of updated asset objects reloaded= 0
========================================================================
Received Import Request.
  Time since last request: 67139.213904 seconds.
  path: Assets/Assets/Resources/basic house.prefab
  artifactKey: Guid(c9fd3ab82d9c07947bd7cf9f511c3f63) Importer(815301076,1909f56bfc062723c751e8b465ee728b)
Start importing Assets/Assets/Resources/basic house.prefab using Guid(c9fd3ab82d9c07947bd7cf9f511c3f63) Importer(815301076,1909f56bfc062723c751e8b465ee728b) (PreviewImporter) -> (artifact id: '564693adc8f8ab3018f3ef483a277331') in 0.9067181 seconds
Number of updated asset objects reloaded before import = 0Number of asset objects unloaded after import = 17

========================================================================
Received Import Request.
  Time since last request: 0.000036 seconds.
  path: Assets/Assets/Resources/tile chunk.prefab
  artifactKey: Guid(988297465e54ca442996f357190fd441) Importer(815301076,1909f56bfc062723c751e8b465ee728b)
Start importing Assets/Assets/Resources/tile chunk.prefab using Guid(988297465e54ca442996f357190fd441) Importer(815301076,1909f56bfc062723c751e8b465ee728b) (PreviewImporter) -> (artifact id: '5a7116eba2f97c2d0df725c3bc1e5807') in 0.2588123 seconds
Number of updated asset objects reloaded before import = 0Number of asset objects unloaded after import = 1794

========================================================================
Received Import Request.
  Time since last request: 0.000086 seconds.
  path: Assets/Assets/Resources/hospital.prefab
  artifactKey: Guid(f627cf387b6e2db46bf1e14fdead8ab9) Importer(815301076,1909f56bfc062723c751e8b465ee728b)
Start importing Assets/Assets/Resources/hospital.prefab using Guid(f627cf387b6e2db46bf1e14fdead8ab9) Importer(815301076,1909f56bfc062723c751e8b465ee728b) (PreviewImporter) -> (artifact id: '625c15816da0a42072f0a29314333355') in 0.0258786 seconds
Number of updated asset objects reloaded before import = 0Number of asset objects unloaded after import = 17

========================================================================
Received Import Request.
  Time since last request: 0.000035 seconds.
  path: Assets/Assets/Resources/fire station.prefab
  artifactKey: Guid(c71ab4f7e156445498d46cd9b8b6a514) Importer(815301076,1909f56bfc062723c751e8b465ee728b)
Start importing Assets/Assets/Resources/fire station.prefab using Guid(c71ab4f7e156445498d46cd9b8b6a514) Importer(815301076,1909f56bfc062723c751e8b465ee728b) (PreviewImporter) -> (artifact id: '6226f767059a22109e625c048a83994a') in 0.0203916 seconds
Number of updated asset objects reloaded before import = 0Number of asset objects unloaded after import = 19

========================================================================
Received Import Request.
  Time since last request: 0.000051 seconds.
  path: Assets/Assets/Resources/scripted factory.prefab
  artifactKey: Guid(817fcef550deffb4f8124946313c3360) Importer(815301076,1909f56bfc062723c751e8b465ee728b)
Start importing Assets/Assets/Resources/scripted factory.prefab using Guid(817fcef550deffb4f8124946313c3360) Importer(815301076,1909f56bfc062723c751e8b465ee728b) (PreviewImporter) -> (artifact id: 'a150275f06d961b478fc8efa8b5d0707') in 0.0203636 seconds
Number of updated asset objects reloaded before import = 0Number of asset objects unloaded after import = 18

========================================================================
Received Import Request.
  Time since last request: 0.000079 seconds.
  path: Assets/Assets/Resources/police station.prefab
  artifactKey: Guid(05d436f9d21befc43b89ac56f0fafbb4) Importer(815301076,1909f56bfc062723c751e8b465ee728b)
Start importing Assets/Assets/Resources/police station.prefab using Guid(05d436f9d21befc43b89ac56f0fafbb4) Importer(815301076,1909f56bfc062723c751e8b465ee728b) (PreviewImporter) -> (artifact id: '19893562e9baaecb1feb33b26d0e951b') in 0.035523 seconds
Number of updated asset objects reloaded before import = 0Number of asset objects unloaded after import = 17

========================================================================
Received Import Request.
  Time since last request: 0.000034 seconds.
  path: Assets/Assets/Resources/school.prefab
  artifactKey: Guid(219ac6c837142824b980ca29922dc83f) Importer(815301076,1909f56bfc062723c751e8b465ee728b)
Start importing Assets/Assets/Resources/school.prefab using Guid(219ac6c837142824b980ca29922dc83f) Importer(815301076,1909f56bfc062723c751e8b465ee728b) (PreviewImporter) -> (artifact id: '7c963215f259a15c7bf82b01e7bc3a02') in 0.0192895 seconds
Number of updated asset objects reloaded before import = 0Number of asset objects unloaded after import = 19

========================================================================
Received Import Request.
  Time since last request: 5.311921 seconds.
  path: Assets/Assets/Resources/buildable tile.prefab
  artifactKey: Guid(755079f8ce9e7234a8e69bcb92964c6e) Importer(815301076,1909f56bfc062723c751e8b465ee728b)
Start importing Assets/Assets/Resources/buildable tile.prefab using Guid(755079f8ce9e7234a8e69bcb92964c6e) Importer(815301076,1909f56bfc062723c751e8b465ee728b) (PreviewImporter) -> (artifact id: '107e8def71fc85a0c8ef690d3d002527') in 0.0459394 seconds
Number of updated asset objects reloaded before import = 0Number of asset objects unloaded after import = 178

========================================================================
Received Import Request.
  Time since last request: 0.000036 seconds.
  path: Assets/Assets/Resources/tile chunk.prefab
  artifactKey: Guid(988297465e54ca442996f357190fd441) Importer(815301076,1909f56bfc062723c751e8b465ee728b)
Start importing Assets/Assets/Resources/tile chunk.prefab using Guid(988297465e54ca442996f357190fd441) Importer(815301076,1909f56bfc062723c751e8b465ee728b) (PreviewImporter) -> (artifact id: '142e09fdfbcda5709b434ee578d6223b') in 0.0784406 seconds
Number of updated asset objects reloaded before import = 0Number of asset objects unloaded after import = 1794

========================================================================
Received Import Request.
  Time since last request: 10.607458 seconds.
  path: Assets/Assets/Resources/buildable tile.prefab
  artifactKey: Guid(755079f8ce9e7234a8e69bcb92964c6e) Importer(815301076,1909f56bfc062723c751e8b465ee728b)
Start importing Assets/Assets/Resources/buildable tile.prefab using Guid(755079f8ce9e7234a8e69bcb92964c6e) Importer(815301076,1909f56bfc062723c751e8b465ee728b) (PreviewImporter) -> (artifact id: '60ade63ddbc7559ce4aa988bd419c67a') in 0.0724349 seconds
Number of updated asset objects reloaded before import = 0Number of asset objects unloaded after import = 178

========================================================================
Received Import Request.
  Time since last request: 0.000030 seconds.
  path: Assets/Assets/Resources/tile chunk.prefab
  artifactKey: Guid(988297465e54ca442996f357190fd441) Importer(815301076,1909f56bfc062723c751e8b465ee728b)
Start importing Assets/Assets/Resources/tile chunk.prefab using Guid(988297465e54ca442996f357190fd441) Importer(815301076,1909f56bfc062723c751e8b465ee728b) (PreviewImporter) -> (artifact id: '64c8e411a3dd717b29edbe35da7d583a') in 0.1615842 seconds
Number of updated asset objects reloaded before import = 0Number of asset objects unloaded after import = 1794

========================================================================
Received Import Request.
  Time since last request: 12.434819 seconds.
  path: Assets/Assets/Resources/buildable tile.prefab
  artifactKey: Guid(755079f8ce9e7234a8e69bcb92964c6e) Importer(815301076,1909f56bfc062723c751e8b465ee728b)
Start importing Assets/Assets/Resources/buildable tile.prefab using Guid(755079f8ce9e7234a8e69bcb92964c6e) Importer(815301076,1909f56bfc062723c751e8b465ee728b) (PreviewImporter) -> (artifact id: 'f92ed932dadbc830e08d7a8ab8ebca98') in 0.0290177 seconds
Number of updated asset objects reloaded before import = 0Number of asset objects unloaded after import = 178

========================================================================
Received Import Request.
  Time since last request: 0.000046 seconds.
  path: Assets/Assets/Resources/tile chunk.prefab
  artifactKey: Guid(988297465e54ca442996f357190fd441) Importer(815301076,1909f56bfc062723c751e8b465ee728b)
Start importing Assets/Assets/Resources/tile chunk.prefab using Guid(988297465e54ca442996f357190fd441) Importer(815301076,1909f56bfc062723c751e8b465ee728b) (PreviewImporter) -> (artifact id: '0dfb51555eeb3d9761cb6ecb2ae227ba') in 0.0620966 seconds
Number of updated asset objects reloaded before import = 0Number of asset objects unloaded after import = 1794

========================================================================
Received Prepare
Begin MonoManager ReloadAssembly
- Loaded All Assemblies, in  0.758 seconds
Refreshing native plugins compatible for Editor in 1.71 ms, found 3 plugins.
Native extension for WindowsStandalone target not found
Mono: successfully reloaded assembly
- Finished resetting the current domain, in  0.696 seconds
Domain Reload Profiling: 1451ms
	BeginReloadAssembly (233ms)
		ExecutionOrderSort (0ms)
		DisableScriptedObjects (20ms)
		BackupInstance (0ms)
		ReleaseScriptingObjects (0ms)
		CreateAndSetChildDomain (71ms)
	RebuildCommonClasses (30ms)
	RebuildNativeTypeToScriptingClass (10ms)
	initialDomainReloadingComplete (31ms)
	LoadAllAssembliesAndSetupDomain (450ms)
		LoadAssemblies (366ms)
		RebuildTransferFunctionScriptingTraits (0ms)
		AnalyzeDomain (184ms)
			TypeCache.Refresh (8ms)
				TypeCache.ScanAssembly (0ms)
			BuildScriptInfoCaches (162ms)
			ResolveRequiredComponents (10ms)
	FinalizeReload (696ms)
		ReleaseScriptCaches (0ms)
		RebuildScriptCaches (0ms)
		SetupLoadedEditorAssemblies (515ms)
			LogAssemblyErrors (0ms)
			InitializePlatformSupportModulesInManaged (2ms)
			SetLoadedEditorAssemblies (4ms)
			BeforeProcessingInitializeOnLoad (103ms)
			ProcessInitializeOnLoadAttributes (350ms)
			ProcessInitializeOnLoadMethodAttributes (47ms)
			AfterProcessingInitializeOnLoad (8ms)
			EditorAssembliesLoaded (0ms)
		ExecutionOrderSort2 (0ms)
		AwakeInstancesAfterBackupRestoration (17ms)
Refreshing native plugins compatible for Editor in 1.57 ms, found 3 plugins.
Preloading 0 native plugins for Editor in 0.00 ms.
Unloading 13 Unused Serialized files (Serialized files now loaded: 0)
Unloading 5958 unused Assets / (3.8 MB). Loaded Objects now: 7298.
Memory consumption went from 241.0 MB to 237.2 MB.
Total: 8.167400 ms (FindLiveObjects: 0.804200 ms CreateObjectMapping: 0.450800 ms MarkObjects: 4.353800 ms  DeleteObjects: 2.557100 ms)

Prepare: number of updated asset objects reloaded= 0
========================================================================
Received Prepare
Begin MonoManager ReloadAssembly
- Loaded All Assemblies, in  0.769 seconds
Refreshing native plugins compatible for Editor in 1.46 ms, found 3 plugins.
Native extension for WindowsStandalone target not found
Mono: successfully reloaded assembly
- Finished resetting the current domain, in  0.721 seconds
Domain Reload Profiling: 1483ms
	BeginReloadAssembly (234ms)
		ExecutionOrderSort (0ms)
		DisableScriptedObjects (7ms)
		BackupInstance (0ms)
		ReleaseScriptingObjects (0ms)
		CreateAndSetChildDomain (67ms)
	RebuildCommonClasses (40ms)
	RebuildNativeTypeToScriptingClass (11ms)
	initialDomainReloadingComplete (32ms)
	LoadAllAssembliesAndSetupDomain (445ms)
		LoadAssemblies (373ms)
		RebuildTransferFunctionScriptingTraits (0ms)
		AnalyzeDomain (174ms)
			TypeCache.Refresh (12ms)
				TypeCache.ScanAssembly (1ms)
			BuildScriptInfoCaches (150ms)
			ResolveRequiredComponents (9ms)
	FinalizeReload (721ms)
		ReleaseScriptCaches (0ms)
		RebuildScriptCaches (0ms)
		SetupLoadedEditorAssemblies (543ms)
			LogAssemblyErrors (0ms)
			InitializePlatformSupportModulesInManaged (2ms)
			SetLoadedEditorAssemblies (4ms)
			BeforeProcessingInitializeOnLoad (100ms)
			ProcessInitializeOnLoadAttributes (384ms)
			ProcessInitializeOnLoadMethodAttributes (46ms)
			AfterProcessingInitializeOnLoad (7ms)
			EditorAssembliesLoaded (0ms)
		ExecutionOrderSort2 (0ms)
		AwakeInstancesAfterBackupRestoration (15ms)
Refreshing native plugins compatible for Editor in 1.61 ms, found 3 plugins.
Preloading 0 native plugins for Editor in 0.00 ms.
Unloading 13 Unused Serialized files (Serialized files now loaded: 0)
Unloading 5957 unused Assets / (4.2 MB). Loaded Objects now: 7300.
Memory consumption went from 240.8 MB to 236.7 MB.
Total: 9.666700 ms (FindLiveObjects: 0.822600 ms CreateObjectMapping: 0.543300 ms MarkObjects: 5.436400 ms  DeleteObjects: 2.863200 ms)

Prepare: number of updated asset objects reloaded= 0
========================================================================
Received Prepare
Begin MonoManager ReloadAssembly
- Loaded All Assemblies, in  0.763 seconds
Refreshing native plugins compatible for Editor in 1.42 ms, found 3 plugins.
Native extension for WindowsStandalone target not found
Mono: successfully reloaded assembly
- Finished resetting the current domain, in  0.717 seconds
Domain Reload Profiling: 1476ms
	BeginReloadAssembly (210ms)
		ExecutionOrderSort (0ms)
		DisableScriptedObjects (6ms)
		BackupInstance (0ms)
		ReleaseScriptingObjects (0ms)
		CreateAndSetChildDomain (55ms)
	RebuildCommonClasses (44ms)
	RebuildNativeTypeToScriptingClass (10ms)
	initialDomainReloadingComplete (32ms)
	LoadAllAssembliesAndSetupDomain (463ms)
		LoadAssemblies (387ms)
		RebuildTransferFunctionScriptingTraits (0ms)
		AnalyzeDomain (179ms)
			TypeCache.Refresh (12ms)
				TypeCache.ScanAssembly (1ms)
			BuildScriptInfoCaches (155ms)
			ResolveRequiredComponents (9ms)
	FinalizeReload (717ms)
		ReleaseScriptCaches (0ms)
		RebuildScriptCaches (0ms)
		SetupLoadedEditorAssemblies (536ms)
			LogAssemblyErrors (0ms)
			InitializePlatformSupportModulesInManaged (2ms)
			SetLoadedEditorAssemblies (4ms)
			BeforeProcessingInitializeOnLoad (107ms)
			ProcessInitializeOnLoadAttributes (371ms)
			ProcessInitializeOnLoadMethodAttributes (45ms)
			AfterProcessingInitializeOnLoad (7ms)
			EditorAssembliesLoaded (0ms)
		ExecutionOrderSort2 (0ms)
		AwakeInstancesAfterBackupRestoration (15ms)
Refreshing native plugins compatible for Editor in 1.60 ms, found 3 plugins.
Preloading 0 native plugins for Editor in 0.00 ms.
Unloading 13 Unused Serialized files (Serialized files now loaded: 0)
Unloading 5957 unused Assets / (3.9 MB). Loaded Objects now: 7302.
Memory consumption went from 240.8 MB to 236.9 MB.
Total: 9.500900 ms (FindLiveObjects: 0.830600 ms CreateObjectMapping: 0.366400 ms MarkObjects: 5.591200 ms  DeleteObjects: 2.711300 ms)

Prepare: number of updated asset objects reloaded= 0
========================================================================
Received Prepare
Begin MonoManager ReloadAssembly
- Loaded All Assemblies, in  0.733 seconds
Refreshing native plugins compatible for Editor in 1.49 ms, found 3 plugins.
Native extension for WindowsStandalone target not found
Mono: successfully reloaded assembly
- Finished resetting the current domain, in  0.726 seconds
Domain Reload Profiling: 1455ms
	BeginReloadAssembly (205ms)
		ExecutionOrderSort (0ms)
		DisableScriptedObjects (9ms)
		BackupInstance (0ms)
		ReleaseScriptingObjects (0ms)
		CreateAndSetChildDomain (51ms)
	RebuildCommonClasses (31ms)
	RebuildNativeTypeToScriptingClass (10ms)
	initialDomainReloadingComplete (31ms)
	LoadAllAssembliesAndSetupDomain (451ms)
		LoadAssemblies (365ms)
		RebuildTransferFunctionScriptingTraits (0ms)
		AnalyzeDomain (186ms)
			TypeCache.Refresh (11ms)
				TypeCache.ScanAssembly (1ms)
			BuildScriptInfoCaches (161ms)
			ResolveRequiredComponents (9ms)
	FinalizeReload (726ms)
		ReleaseScriptCaches (0ms)
		RebuildScriptCaches (0ms)
		SetupLoadedEditorAssemblies (539ms)
			LogAssemblyErrors (0ms)
			InitializePlatformSupportModulesInManaged (3ms)
			SetLoadedEditorAssemblies (5ms)
			BeforeProcessingInitializeOnLoad (107ms)
			ProcessInitializeOnLoadAttributes (372ms)
			ProcessInitializeOnLoadMethodAttributes (45ms)
			AfterProcessingInitializeOnLoad (7ms)
			EditorAssembliesLoaded (0ms)
		ExecutionOrderSort2 (0ms)
		AwakeInstancesAfterBackupRestoration (15ms)
Refreshing native plugins compatible for Editor in 1.58 ms, found 3 plugins.
Preloading 0 native plugins for Editor in 0.00 ms.
Unloading 13 Unused Serialized files (Serialized files now loaded: 0)
Unloading 5957 unused Assets / (3.7 MB). Loaded Objects now: 7304.
Memory consumption went from 240.8 MB to 237.1 MB.
Total: 8.192900 ms (FindLiveObjects: 0.756900 ms CreateObjectMapping: 0.400600 ms MarkObjects: 4.914000 ms  DeleteObjects: 2.120600 ms)

Prepare: number of updated asset objects reloaded= 0
========================================================================
Received Import Request.
  Time since last request: 2530.075494 seconds.
  path: Assets/Assets/Resources/basic tile.prefab
  artifactKey: Guid(db63c26766597bb459cf43cdf52cad86) Importer(815301076,1909f56bfc062723c751e8b465ee728b)
Start importing Assets/Assets/Resources/basic tile.prefab using Guid(db63c26766597bb459cf43cdf52cad86) Importer(815301076,1909f56bfc062723c751e8b465ee728b) (PreviewImporter) -> (artifact id: '36c02c7bd221d915186340ade8c01ec9') in 0.5323729 seconds
Number of updated asset objects reloaded before import = 0Number of asset objects unloaded after import = 46

========================================================================
Received Import Request.
  Time since last request: 0.000065 seconds.
  path: Assets/Assets/Resources/tile chunk.prefab
  artifactKey: Guid(988297465e54ca442996f357190fd441) Importer(815301076,1909f56bfc062723c751e8b465ee728b)
Start importing Assets/Assets/Resources/tile chunk.prefab using Guid(988297465e54ca442996f357190fd441) Importer(815301076,1909f56bfc062723c751e8b465ee728b) (PreviewImporter) -> (artifact id: 'f9a7414cac19925f37a5a5ecca683835') in 0.0630949 seconds
Number of updated asset objects reloaded before import = 0Number of asset objects unloaded after import = 1794

========================================================================
Received Import Request.
  Time since last request: 5.136734 seconds.
  path: Assets/Scrips/roadConstruct.cs
  artifactKey: Guid(3ab6322e5c59e5347a94be617002cacd) Importer(815301076,1909f56bfc062723c751e8b465ee728b)
Start importing Assets/Scrips/roadConstruct.cs using Guid(3ab6322e5c59e5347a94be617002cacd) Importer(815301076,1909f56bfc062723c751e8b465ee728b) (PreviewImporter) -> (artifact id: 'c64e418ff014eb2a4563f4ee52dfd0e2') in 0.0008054 seconds
Number of updated asset objects reloaded before import = 0Number of asset objects unloaded after import = 0

========================================================================
Received Import Request.
  Time since last request: 60.586129 seconds.
  path: Assets/Scrips/tileBehaviours.cs
  artifactKey: Guid(806c9bda3fa4eb6419f1c5d292cbe387) Importer(815301076,1909f56bfc062723c751e8b465ee728b)
Start importing Assets/Scrips/tileBehaviours.cs using Guid(806c9bda3fa4eb6419f1c5d292cbe387) Importer(815301076,1909f56bfc062723c751e8b465ee728b) (PreviewImporter) -> (artifact id: '9e4243d56542fb230783e360c62ee436') in 0.0007435 seconds
Number of updated asset objects reloaded before import = 0Number of asset objects unloaded after import = 0

========================================================================
Received Prepare
Refreshing native plugins compatible for Editor in 2.27 ms, found 3 plugins.
Preloading 0 native plugins for Editor in 0.00 ms.
Unloading 13 Unused Serialized files (Serialized files now loaded: 0)
Unloading 5950 unused Assets / (4.0 MB). Loaded Objects now: 7444.
Memory consumption went from 248.7 MB to 244.8 MB.
Total: 17.278200 ms (FindLiveObjects: 1.070000 ms CreateObjectMapping: 1.018300 ms MarkObjects: 10.902000 ms  DeleteObjects: 4.285100 ms)

Prepare: number of updated asset objects reloaded= 0
========================================================================
Received Prepare
Begin MonoManager ReloadAssembly
- Loaded All Assemblies, in  0.809 seconds
Refreshing native plugins compatible for Editor in 1.64 ms, found 3 plugins.
Native extension for WindowsStandalone target not found
Mono: successfully reloaded assembly
- Finished resetting the current domain, in  0.742 seconds
Domain Reload Profiling: 1547ms
	BeginReloadAssembly (251ms)
		ExecutionOrderSort (0ms)
		DisableScriptedObjects (19ms)
		BackupInstance (0ms)
		ReleaseScriptingObjects (0ms)
		CreateAndSetChildDomain (72ms)
	RebuildCommonClasses (35ms)
	RebuildNativeTypeToScriptingClass (13ms)
	initialDomainReloadingComplete (34ms)
	LoadAllAssembliesAndSetupDomain (473ms)
		LoadAssemblies (405ms)
		RebuildTransferFunctionScriptingTraits (0ms)
		AnalyzeDomain (182ms)
			TypeCache.Refresh (11ms)
				TypeCache.ScanAssembly (1ms)
			BuildScriptInfoCaches (158ms)
			ResolveRequiredComponents (10ms)
	FinalizeReload (742ms)
		ReleaseScriptCaches (0ms)
		RebuildScriptCaches (0ms)
		SetupLoadedEditorAssemblies (559ms)
			LogAssemblyErrors (0ms)
			InitializePlatformSupportModulesInManaged (2ms)
			SetLoadedEditorAssemblies (5ms)
			BeforeProcessingInitializeOnLoad (109ms)
			ProcessInitializeOnLoadAttributes (386ms)
			ProcessInitializeOnLoadMethodAttributes (49ms)
			AfterProcessingInitializeOnLoad (8ms)
			EditorAssembliesLoaded (0ms)
		ExecutionOrderSort2 (0ms)
		AwakeInstancesAfterBackupRestoration (16ms)
Refreshing native plugins compatible for Editor in 1.77 ms, found 3 plugins.
Preloading 0 native plugins for Editor in 0.00 ms.
Unloading 13 Unused Serialized files (Serialized files now loaded: 0)
Unloading 5956 unused Assets / (4.0 MB). Loaded Objects now: 7325.
Memory consumption went from 245.1 MB to 241.1 MB.
Total: 13.048700 ms (FindLiveObjects: 1.180100 ms CreateObjectMapping: 0.946500 ms MarkObjects: 7.104700 ms  DeleteObjects: 3.815600 ms)

Prepare: number of updated asset objects reloaded= 0
========================================================================
Received Import Request.
  Time since last request: 61.392432 seconds.
  path: Assets/Scrips/RoadScript.cs
  artifactKey: Guid(4af755e5688238d47abdbc50d122aa5a) Importer(815301076,1909f56bfc062723c751e8b465ee728b)
Start importing Assets/Scrips/RoadScript.cs using Guid(4af755e5688238d47abdbc50d122aa5a) Importer(815301076,1909f56bfc062723c751e8b465ee728b) (PreviewImporter) -> (artifact id: '804116848a6197847cf9037e2bd536e5') in 0.0135567 seconds
Number of updated asset objects reloaded before import = 0Number of asset objects unloaded after import = 0

========================================================================
Received Prepare
Refreshing native plugins compatible for Editor in 1.99 ms, found 3 plugins.
Preloading 0 native plugins for Editor in 0.00 ms.
Unloading 13 Unused Serialized files (Serialized files now loaded: 0)
Unloading 5949 unused Assets / (4.7 MB). Loaded Objects now: 7325.
Memory consumption went from 245.2 MB to 240.5 MB.
Total: 15.064900 ms (FindLiveObjects: 1.153500 ms CreateObjectMapping: 0.959700 ms MarkObjects: 8.559500 ms  DeleteObjects: 4.390300 ms)

Prepare: number of updated asset objects reloaded= 0
========================================================================
Received Import Request.
  Time since last request: 264.287898 seconds.
  path: Assets/Scrips/RoadScript.cs
  artifactKey: Guid(4af755e5688238d47abdbc50d122aa5a) Importer(815301076,1909f56bfc062723c751e8b465ee728b)
Start importing Assets/Scrips/RoadScript.cs using Guid(4af755e5688238d47abdbc50d122aa5a) Importer(815301076,1909f56bfc062723c751e8b465ee728b) (PreviewImporter) -> (artifact id: '266c642b9b4d8266f37ccc1d4ce199ba') in 0.0092585 seconds
Number of updated asset objects reloaded before import = 0Number of asset objects unloaded after import = 0

========================================================================
Received Prepare
Refreshing native plugins compatible for Editor in 2.35 ms, found 3 plugins.
Preloading 0 native plugins for Editor in 0.00 ms.
Unloading 13 Unused Serialized files (Serialized files now loaded: 0)
Unloading 5949 unused Assets / (4.4 MB). Loaded Objects now: 7325.
Memory consumption went from 245.2 MB to 240.8 MB.
Total: 13.735200 ms (FindLiveObjects: 1.386100 ms CreateObjectMapping: 1.384900 ms MarkObjects: 7.114600 ms  DeleteObjects: 3.847900 ms)

Prepare: number of updated asset objects reloaded= 0
========================================================================
Received Import Request.
  Time since last request: 7.030166 seconds.
  path: Assets/Scrips/RoadScript.cs
  artifactKey: Guid(4af755e5688238d47abdbc50d122aa5a) Importer(815301076,1909f56bfc062723c751e8b465ee728b)
Start importing Assets/Scrips/RoadScript.cs using Guid(4af755e5688238d47abdbc50d122aa5a) Importer(815301076,1909f56bfc062723c751e8b465ee728b) (PreviewImporter) -> (artifact id: 'f90f4963dab876d3a9fe8398f8988233') in 0.0075611 seconds
Number of updated asset objects reloaded before import = 0Number of asset objects unloaded after import = 0

========================================================================
Received Prepare
Begin MonoManager ReloadAssembly
- Loaded All Assemblies, in  0.745 seconds
Refreshing native plugins compatible for Editor in 1.58 ms, found 3 plugins.
Native extension for WindowsStandalone target not found
Mono: successfully reloaded assembly
- Finished resetting the current domain, in  0.707 seconds
Domain Reload Profiling: 1450ms
	BeginReloadAssembly (202ms)
		ExecutionOrderSort (0ms)
		DisableScriptedObjects (6ms)
		BackupInstance (0ms)
		ReleaseScriptingObjects (0ms)
		CreateAndSetChildDomain (51ms)
	RebuildCommonClasses (38ms)
	RebuildNativeTypeToScriptingClass (11ms)
	initialDomainReloadingComplete (29ms)
	LoadAllAssembliesAndSetupDomain (462ms)
		LoadAssemblies (376ms)
		RebuildTransferFunctionScriptingTraits (0ms)
		AnalyzeDomain (186ms)
			TypeCache.Refresh (11ms)
				TypeCache.ScanAssembly (1ms)
			BuildScriptInfoCaches (162ms)
			ResolveRequiredComponents (9ms)
	FinalizeReload (708ms)
		ReleaseScriptCaches (0ms)
		RebuildScriptCaches (0ms)
		SetupLoadedEditorAssemblies (531ms)
			LogAssemblyErrors (0ms)
			InitializePlatformSupportModulesInManaged (2ms)
			SetLoadedEditorAssemblies (3ms)
			BeforeProcessingInitializeOnLoad (105ms)
			ProcessInitializeOnLoadAttributes (361ms)
			ProcessInitializeOnLoadMethodAttributes (51ms)
			AfterProcessingInitializeOnLoad (8ms)
			EditorAssembliesLoaded (0ms)
		ExecutionOrderSort2 (0ms)
		AwakeInstancesAfterBackupRestoration (15ms)
Refreshing native plugins compatible for Editor in 1.67 ms, found 3 plugins.
Preloading 0 native plugins for Editor in 0.00 ms.
Unloading 13 Unused Serialized files (Serialized files now loaded: 0)
Unloading 5956 unused Assets / (4.4 MB). Loaded Objects now: 7327.
Memory consumption went from 245.0 MB to 240.6 MB.
Total: 13.817900 ms (FindLiveObjects: 1.061800 ms CreateObjectMapping: 1.250100 ms MarkObjects: 7.433300 ms  DeleteObjects: 4.070600 ms)

Prepare: number of updated asset objects reloaded= 0
========================================================================
Received Import Request.
  Time since last request: 31.624643 seconds.
  path: Assets/Scrips/RoadScript.cs
  artifactKey: Guid(4af755e5688238d47abdbc50d122aa5a) Importer(815301076,1909f56bfc062723c751e8b465ee728b)
Start importing Assets/Scrips/RoadScript.cs using Guid(4af755e5688238d47abdbc50d122aa5a) Importer(815301076,1909f56bfc062723c751e8b465ee728b) (PreviewImporter) -> (artifact id: '87fa3993bb445a7acc00746bea0e7756') in 0.008072 seconds
Number of updated asset objects reloaded before import = 0Number of asset objects unloaded after import = 0

========================================================================
Received Prepare
Begin MonoManager ReloadAssembly
- Loaded All Assemblies, in  0.745 seconds
Refreshing native plugins compatible for Editor in 1.58 ms, found 3 plugins.
Native extension for WindowsStandalone target not found
Mono: successfully reloaded assembly
- Finished resetting the current domain, in  0.702 seconds
Domain Reload Profiling: 1444ms
	BeginReloadAssembly (204ms)
		ExecutionOrderSort (0ms)
		DisableScriptedObjects (6ms)
		BackupInstance (0ms)
		ReleaseScriptingObjects (0ms)
		CreateAndSetChildDomain (55ms)
	RebuildCommonClasses (34ms)
	RebuildNativeTypeToScriptingClass (11ms)
	initialDomainReloadingComplete (31ms)
	LoadAllAssembliesAndSetupDomain (462ms)
		LoadAssemblies (386ms)
		RebuildTransferFunctionScriptingTraits (0ms)
		AnalyzeDomain (175ms)
			TypeCache.Refresh (9ms)
				TypeCache.ScanAssembly (0ms)
			BuildScriptInfoCaches (153ms)
			ResolveRequiredComponents (10ms)
	FinalizeReload (702ms)
		ReleaseScriptCaches (0ms)
		RebuildScriptCaches (0ms)
		SetupLoadedEditorAssemblies (524ms)
			LogAssemblyErrors (0ms)
			InitializePlatformSupportModulesInManaged (2ms)
			SetLoadedEditorAssemblies (4ms)
			BeforeProcessingInitializeOnLoad (107ms)
			ProcessInitializeOnLoadAttributes (355ms)
			ProcessInitializeOnLoadMethodAttributes (50ms)
			AfterProcessingInitializeOnLoad (8ms)
			EditorAssembliesLoaded (0ms)
		ExecutionOrderSort2 (0ms)
		AwakeInstancesAfterBackupRestoration (14ms)
Refreshing native plugins compatible for Editor in 1.85 ms, found 3 plugins.
Preloading 0 native plugins for Editor in 0.00 ms.
Unloading 13 Unused Serialized files (Serialized files now loaded: 0)
Unloading 5956 unused Assets / (4.1 MB). Loaded Objects now: 7329.
Memory consumption went from 245.0 MB to 240.8 MB.
Total: 12.088100 ms (FindLiveObjects: 1.009800 ms CreateObjectMapping: 0.684500 ms MarkObjects: 6.146100 ms  DeleteObjects: 4.246500 ms)

Prepare: number of updated asset objects reloaded= 0
========================================================================
Received Prepare
Begin MonoManager ReloadAssembly
- Loaded All Assemblies, in  0.735 seconds
Refreshing native plugins compatible for Editor in 1.57 ms, found 3 plugins.
Native extension for WindowsStandalone target not found
Mono: successfully reloaded assembly
- Finished resetting the current domain, in  0.686 seconds
Domain Reload Profiling: 1418ms
	BeginReloadAssembly (196ms)
		ExecutionOrderSort (0ms)
		DisableScriptedObjects (6ms)
		BackupInstance (0ms)
		ReleaseScriptingObjects (0ms)
		CreateAndSetChildDomain (52ms)
	RebuildCommonClasses (31ms)
	RebuildNativeTypeToScriptingClass (10ms)
	initialDomainReloadingComplete (32ms)
	LoadAllAssembliesAndSetupDomain (462ms)
		LoadAssemblies (376ms)
		RebuildTransferFunctionScriptingTraits (0ms)
		AnalyzeDomain (182ms)
			TypeCache.Refresh (8ms)
				TypeCache.ScanAssembly (0ms)
			BuildScriptInfoCaches (161ms)
			ResolveRequiredComponents (10ms)
	FinalizeReload (686ms)
		ReleaseScriptCaches (0ms)
		RebuildScriptCaches (0ms)
		SetupLoadedEditorAssemblies (510ms)
			LogAssemblyErrors (0ms)
			InitializePlatformSupportModulesInManaged (2ms)
			SetLoadedEditorAssemblies (3ms)
			BeforeProcessingInitializeOnLoad (106ms)
			ProcessInitializeOnLoadAttributes (345ms)
			ProcessInitializeOnLoadMethodAttributes (47ms)
			AfterProcessingInitializeOnLoad (7ms)
			EditorAssembliesLoaded (0ms)
		ExecutionOrderSort2 (0ms)
		AwakeInstancesAfterBackupRestoration (14ms)
Refreshing native plugins compatible for Editor in 2.09 ms, found 3 plugins.
Preloading 0 native plugins for Editor in 0.00 ms.
Unloading 13 Unused Serialized files (Serialized files now loaded: 0)
Unloading 5956 unused Assets / (3.9 MB). Loaded Objects now: 7331.
Memory consumption went from 245.0 MB to 241.1 MB.
Total: 9.027200 ms (FindLiveObjects: 0.830500 ms CreateObjectMapping: 0.874000 ms MarkObjects: 5.019100 ms  DeleteObjects: 2.302600 ms)

Prepare: number of updated asset objects reloaded= 0
========================================================================
Received Prepare
Begin MonoManager ReloadAssembly
- Loaded All Assemblies, in  0.722 seconds
Refreshing native plugins compatible for Editor in 1.41 ms, found 3 plugins.
Native extension for WindowsStandalone target not found
Mono: successfully reloaded assembly
- Finished resetting the current domain, in  0.729 seconds
Domain Reload Profiling: 1447ms
	BeginReloadAssembly (194ms)
		ExecutionOrderSort (0ms)
		DisableScriptedObjects (6ms)
		BackupInstance (0ms)
		ReleaseScriptingObjects (0ms)
		CreateAndSetChildDomain (50ms)
	RebuildCommonClasses (31ms)
	RebuildNativeTypeToScriptingClass (11ms)
	initialDomainReloadingComplete (33ms)
	LoadAllAssembliesAndSetupDomain (449ms)
		LoadAssemblies (364ms)
		RebuildTransferFunctionScriptingTraits (0ms)
		AnalyzeDomain (178ms)
			TypeCache.Refresh (10ms)
				TypeCache.ScanAssembly (1ms)
			BuildScriptInfoCaches (153ms)
			ResolveRequiredComponents (12ms)
	FinalizeReload (730ms)
		ReleaseScriptCaches (0ms)
		RebuildScriptCaches (0ms)
		SetupLoadedEditorAssemblies (554ms)
			LogAssemblyErrors (0ms)
			InitializePlatformSupportModulesInManaged (2ms)
			SetLoadedEditorAssemblies (4ms)
			BeforeProcessingInitializeOnLoad (106ms)
			ProcessInitializeOnLoadAttributes (389ms)
			ProcessInitializeOnLoadMethodAttributes (46ms)
			AfterProcessingInitializeOnLoad (7ms)
			EditorAssembliesLoaded (0ms)
		ExecutionOrderSort2 (0ms)
		AwakeInstancesAfterBackupRestoration (13ms)
Refreshing native plugins compatible for Editor in 1.55 ms, found 3 plugins.
Preloading 0 native plugins for Editor in 0.00 ms.
Unloading 13 Unused Serialized files (Serialized files now loaded: 0)
Unloading 5956 unused Assets / (3.9 MB). Loaded Objects now: 7333.
Memory consumption went from 245.0 MB to 241.1 MB.
Total: 7.467600 ms (FindLiveObjects: 0.763700 ms CreateObjectMapping: 0.377900 ms MarkObjects: 4.185000 ms  DeleteObjects: 2.140200 ms)

Prepare: number of updated asset objects reloaded= 0
========================================================================
Received Prepare
Begin MonoManager ReloadAssembly
- Loaded All Assemblies, in  2.725 seconds
Refreshing native plugins compatible for Editor in 1.71 ms, found 3 plugins.
Native extension for WindowsStandalone target not found
Mono: successfully reloaded assembly
- Finished resetting the current domain, in  0.760 seconds
Domain Reload Profiling: 3481ms
	BeginReloadAssembly (402ms)
		ExecutionOrderSort (0ms)
		DisableScriptedObjects (6ms)
		BackupInstance (0ms)
		ReleaseScriptingObjects (0ms)
		CreateAndSetChildDomain (53ms)
	RebuildCommonClasses (119ms)
	RebuildNativeTypeToScriptingClass (10ms)
	initialDomainReloadingComplete (34ms)
	LoadAllAssembliesAndSetupDomain (2155ms)
		LoadAssemblies (2285ms)
		RebuildTransferFunctionScriptingTraits (0ms)
		AnalyzeDomain (170ms)
			TypeCache.Refresh (11ms)
				TypeCache.ScanAssembly (1ms)
			BuildScriptInfoCaches (147ms)
			ResolveRequiredComponents (9ms)
	FinalizeReload (761ms)
		ReleaseScriptCaches (0ms)
		RebuildScriptCaches (0ms)
		SetupLoadedEditorAssemblies (495ms)
			LogAssemblyErrors (0ms)
			InitializePlatformSupportModulesInManaged (2ms)
			SetLoadedEditorAssemblies (4ms)
			BeforeProcessingInitializeOnLoad (103ms)
			ProcessInitializeOnLoadAttributes (332ms)
			ProcessInitializeOnLoadMethodAttributes (47ms)
			AfterProcessingInitializeOnLoad (7ms)
			EditorAssembliesLoaded (0ms)
		ExecutionOrderSort2 (0ms)
		AwakeInstancesAfterBackupRestoration (14ms)
Refreshing native plugins compatible for Editor in 1.78 ms, found 3 plugins.
Preloading 0 native plugins for Editor in 0.00 ms.
Unloading 13 Unused Serialized files (Serialized files now loaded: 0)
Unloading 5956 unused Assets / (4.5 MB). Loaded Objects now: 7335.
Memory consumption went from 245.0 MB to 240.5 MB.
Total: 10.190700 ms (FindLiveObjects: 0.886200 ms CreateObjectMapping: 0.973800 ms MarkObjects: 5.025500 ms  DeleteObjects: 3.304400 ms)

Prepare: number of updated asset objects reloaded= 0
========================================================================
Received Prepare
Begin MonoManager ReloadAssembly
- Loaded All Assemblies, in  0.785 seconds
Refreshing native plugins compatible for Editor in 1.43 ms, found 3 plugins.
Native extension for WindowsStandalone target not found
Mono: successfully reloaded assembly
- Finished resetting the current domain, in  0.736 seconds
Domain Reload Profiling: 1515ms
	BeginReloadAssembly (217ms)
		ExecutionOrderSort (0ms)
		DisableScriptedObjects (7ms)
		BackupInstance (0ms)
		ReleaseScriptingObjects (0ms)
		CreateAndSetChildDomain (55ms)
	RebuildCommonClasses (45ms)
	RebuildNativeTypeToScriptingClass (17ms)
	initialDomainReloadingComplete (40ms)
	LoadAllAssembliesAndSetupDomain (458ms)
		LoadAssemblies (389ms)
		RebuildTransferFunctionScriptingTraits (0ms)
		AnalyzeDomain (170ms)
			TypeCache.Refresh (9ms)
				TypeCache.ScanAssembly (1ms)
			BuildScriptInfoCaches (149ms)
			ResolveRequiredComponents (9ms)
	FinalizeReload (736ms)
		ReleaseScriptCaches (0ms)
		RebuildScriptCaches (0ms)
		SetupLoadedEditorAssemblies (558ms)
			LogAssemblyErrors (0ms)
			InitializePlatformSupportModulesInManaged (2ms)
			SetLoadedEditorAssemblies (4ms)
			BeforeProcessingInitializeOnLoad (105ms)
			ProcessInitializeOnLoadAttributes (393ms)
			ProcessInitializeOnLoadMethodAttributes (46ms)
			AfterProcessingInitializeOnLoad (7ms)
			EditorAssembliesLoaded (0ms)
		ExecutionOrderSort2 (0ms)
		AwakeInstancesAfterBackupRestoration (13ms)
Refreshing native plugins compatible for Editor in 1.65 ms, found 3 plugins.
Preloading 0 native plugins for Editor in 0.00 ms.
Unloading 13 Unused Serialized files (Serialized files now loaded: 0)
Unloading 5956 unused Assets / (4.1 MB). Loaded Objects now: 7337.
Memory consumption went from 245.0 MB to 240.9 MB.
Total: 9.470100 ms (FindLiveObjects: 0.883400 ms CreateObjectMapping: 0.909700 ms MarkObjects: 4.927800 ms  DeleteObjects: 2.747400 ms)

Prepare: number of updated asset objects reloaded= 0
========================================================================
Received Prepare
Begin MonoManager ReloadAssembly
- Loaded All Assemblies, in  0.715 seconds
Refreshing native plugins compatible for Editor in 1.48 ms, found 3 plugins.
Native extension for WindowsStandalone target not found
Mono: successfully reloaded assembly
- Finished resetting the current domain, in  0.679 seconds
Domain Reload Profiling: 1391ms
	BeginReloadAssembly (195ms)
		ExecutionOrderSort (0ms)
		DisableScriptedObjects (6ms)
		BackupInstance (0ms)
		ReleaseScriptingObjects (0ms)
		CreateAndSetChildDomain (49ms)
	RebuildCommonClasses (40ms)
	RebuildNativeTypeToScriptingClass (11ms)
	initialDomainReloadingComplete (30ms)
	LoadAllAssembliesAndSetupDomain (436ms)
		LoadAssemblies (359ms)
		RebuildTransferFunctionScriptingTraits (0ms)
		AnalyzeDomain (172ms)
			TypeCache.Refresh (8ms)
				TypeCache.ScanAssembly (0ms)
			BuildScriptInfoCaches (152ms)
			ResolveRequiredComponents (9ms)
	FinalizeReload (680ms)
		ReleaseScriptCaches (0ms)
		RebuildScriptCaches (0ms)
		SetupLoadedEditorAssemblies (503ms)
			LogAssemblyErrors (0ms)
			InitializePlatformSupportModulesInManaged (2ms)
			SetLoadedEditorAssemblies (3ms)
			BeforeProcessingInitializeOnLoad (108ms)
			ProcessInitializeOnLoadAttributes (338ms)
			ProcessInitializeOnLoadMethodAttributes (44ms)
			AfterProcessingInitializeOnLoad (7ms)
			EditorAssembliesLoaded (0ms)
		ExecutionOrderSort2 (0ms)
		AwakeInstancesAfterBackupRestoration (15ms)
Refreshing native plugins compatible for Editor in 1.59 ms, found 3 plugins.
Preloading 0 native plugins for Editor in 0.00 ms.
Unloading 13 Unused Serialized files (Serialized files now loaded: 0)
Unloading 5956 unused Assets / (4.1 MB). Loaded Objects now: 7339.
Memory consumption went from 245.0 MB to 240.9 MB.
Total: 8.812300 ms (FindLiveObjects: 0.766700 ms CreateObjectMapping: 0.516300 ms MarkObjects: 5.027700 ms  DeleteObjects: 2.500300 ms)

Prepare: number of updated asset objects reloaded= 0
========================================================================
Received Prepare
Begin MonoManager ReloadAssembly
- Loaded All Assemblies, in  0.735 seconds
Refreshing native plugins compatible for Editor in 1.34 ms, found 3 plugins.
Native extension for WindowsStandalone target not found
Mono: successfully reloaded assembly
- Finished resetting the current domain, in  0.691 seconds
Domain Reload Profiling: 1423ms
	BeginReloadAssembly (198ms)
		ExecutionOrderSort (0ms)
		DisableScriptedObjects (6ms)
		BackupInstance (0ms)
		ReleaseScriptingObjects (0ms)
		CreateAndSetChildDomain (53ms)
	RebuildCommonClasses (32ms)
	RebuildNativeTypeToScriptingClass (11ms)
	initialDomainReloadingComplete (32ms)
	LoadAllAssembliesAndSetupDomain (459ms)
		LoadAssemblies (383ms)
		RebuildTransferFunctionScriptingTraits (0ms)
		AnalyzeDomain (173ms)
			TypeCache.Refresh (6ms)
				TypeCache.ScanAssembly (0ms)
			BuildScriptInfoCaches (154ms)
			ResolveRequiredComponents (9ms)
	FinalizeReload (691ms)
		ReleaseScriptCaches (0ms)
		RebuildScriptCaches (0ms)
		SetupLoadedEditorAssemblies (520ms)
			LogAssemblyErrors (0ms)
			InitializePlatformSupportModulesInManaged (2ms)
			SetLoadedEditorAssemblies (4ms)
			BeforeProcessingInitializeOnLoad (106ms)
			ProcessInitializeOnLoadAttributes (355ms)
			ProcessInitializeOnLoadMethodAttributes (45ms)
			AfterProcessingInitializeOnLoad (8ms)
			EditorAssembliesLoaded (0ms)
		ExecutionOrderSort2 (0ms)
		AwakeInstancesAfterBackupRestoration (15ms)
Refreshing native plugins compatible for Editor in 1.73 ms, found 3 plugins.
Preloading 0 native plugins for Editor in 0.00 ms.
Unloading 13 Unused Serialized files (Serialized files now loaded: 0)
Unloading 5956 unused Assets / (4.2 MB). Loaded Objects now: 7341.
Memory consumption went from 245.0 MB to 240.8 MB.
Total: 10.268800 ms (FindLiveObjects: 0.847700 ms CreateObjectMapping: 1.067400 ms MarkObjects: 5.415600 ms  DeleteObjects: 2.936800 ms)

Prepare: number of updated asset objects reloaded= 0
========================================================================
Received Prepare
Begin MonoManager ReloadAssembly
- Loaded All Assemblies, in  0.885 seconds
Refreshing native plugins compatible for Editor in 1.91 ms, found 3 plugins.
Native extension for WindowsStandalone target not found
Mono: successfully reloaded assembly
- Finished resetting the current domain, in  0.947 seconds
Domain Reload Profiling: 1826ms
	BeginReloadAssembly (218ms)
		ExecutionOrderSort (0ms)
		DisableScriptedObjects (6ms)
		BackupInstance (0ms)
		ReleaseScriptingObjects (0ms)
		CreateAndSetChildDomain (49ms)
	RebuildCommonClasses (49ms)
	RebuildNativeTypeToScriptingClass (16ms)
	initialDomainReloadingComplete (43ms)
	LoadAllAssembliesAndSetupDomain (553ms)
		LoadAssemblies (448ms)
		RebuildTransferFunctionScriptingTraits (0ms)
		AnalyzeDomain (218ms)
			TypeCache.Refresh (13ms)
				TypeCache.ScanAssembly (1ms)
			BuildScriptInfoCaches (191ms)
			ResolveRequiredComponents (10ms)
	FinalizeReload (947ms)
		ReleaseScriptCaches (0ms)
		RebuildScriptCaches (0ms)
		SetupLoadedEditorAssemblies (713ms)
			LogAssemblyErrors (0ms)
			InitializePlatformSupportModulesInManaged (3ms)
			SetLoadedEditorAssemblies (5ms)
			BeforeProcessingInitializeOnLoad (140ms)
			ProcessInitializeOnLoadAttributes (493ms)
			ProcessInitializeOnLoadMethodAttributes (62ms)
			AfterProcessingInitializeOnLoad (10ms)
			EditorAssembliesLoaded (0ms)
		ExecutionOrderSort2 (0ms)
		AwakeInstancesAfterBackupRestoration (22ms)
Refreshing native plugins compatible for Editor in 1.55 ms, found 3 plugins.
Preloading 0 native plugins for Editor in 0.00 ms.
Unloading 13 Unused Serialized files (Serialized files now loaded: 0)
Unloading 5956 unused Assets / (3.9 MB). Loaded Objects now: 7343.
Memory consumption went from 245.0 MB to 241.1 MB.
Total: 8.047600 ms (FindLiveObjects: 0.768000 ms CreateObjectMapping: 0.431100 ms MarkObjects: 4.386500 ms  DeleteObjects: 2.461300 ms)

Prepare: number of updated asset objects reloaded= 0
========================================================================
Received Prepare
Begin MonoManager ReloadAssembly
- Loaded All Assemblies, in  0.734 seconds
Refreshing native plugins compatible for Editor in 1.48 ms, found 3 plugins.
Native extension for WindowsStandalone target not found
Mono: successfully reloaded assembly
- Finished resetting the current domain, in  0.748 seconds
Domain Reload Profiling: 1478ms
	BeginReloadAssembly (205ms)
		ExecutionOrderSort (0ms)
		DisableScriptedObjects (8ms)
		BackupInstance (0ms)
		ReleaseScriptingObjects (0ms)
		CreateAndSetChildDomain (48ms)
	RebuildCommonClasses (32ms)
	RebuildNativeTypeToScriptingClass (10ms)
	initialDomainReloadingComplete (31ms)
	LoadAllAssembliesAndSetupDomain (451ms)
		LoadAssemblies (380ms)
		RebuildTransferFunctionScriptingTraits (0ms)
		AnalyzeDomain (175ms)
			TypeCache.Refresh (11ms)
				TypeCache.ScanAssembly (1ms)
			BuildScriptInfoCaches (152ms)
			ResolveRequiredComponents (9ms)
	FinalizeReload (748ms)
		ReleaseScriptCaches (0ms)
		RebuildScriptCaches (0ms)
		SetupLoadedEditorAssemblies (562ms)
			LogAssemblyErrors (0ms)
			InitializePlatformSupportModulesInManaged (2ms)
			SetLoadedEditorAssemblies (3ms)
			BeforeProcessingInitializeOnLoad (103ms)
			ProcessInitializeOnLoadAttributes (400ms)
			ProcessInitializeOnLoadMethodAttributes (47ms)
			AfterProcessingInitializeOnLoad (7ms)
			EditorAssembliesLoaded (0ms)
		ExecutionOrderSort2 (0ms)
		AwakeInstancesAfterBackupRestoration (15ms)
Refreshing native plugins compatible for Editor in 1.72 ms, found 3 plugins.
Preloading 0 native plugins for Editor in 0.00 ms.
Unloading 13 Unused Serialized files (Serialized files now loaded: 0)
Unloading 5956 unused Assets / (4.4 MB). Loaded Objects now: 7345.
Memory consumption went from 245.0 MB to 240.6 MB.
Total: 10.578900 ms (FindLiveObjects: 1.050300 ms CreateObjectMapping: 0.903900 ms MarkObjects: 5.116200 ms  DeleteObjects: 3.507300 ms)

Prepare: number of updated asset objects reloaded= 0
========================================================================
Received Import Request.
  Time since last request: 1348.153751 seconds.
  path: Assets/Scrips/defaultBuildingBehaviour.cs
  artifactKey: Guid(88be673b7a31ce042a79197a7fc71306) Importer(815301076,1909f56bfc062723c751e8b465ee728b)
Start importing Assets/Scrips/defaultBuildingBehaviour.cs using Guid(88be673b7a31ce042a79197a7fc71306) Importer(815301076,1909f56bfc062723c751e8b465ee728b) (PreviewImporter) -> (artifact id: '3ce02b44c7ac5f1523bed95f45fd7bcc') in 0.0537165 seconds
Number of updated asset objects reloaded before import = 0Number of asset objects unloaded after import = 0

========================================================================
Received Prepare
Begin MonoManager ReloadAssembly
- Loaded All Assemblies, in  0.747 seconds
Refreshing native plugins compatible for Editor in 1.57 ms, found 3 plugins.
Native extension for WindowsStandalone target not found
Mono: successfully reloaded assembly
- Finished resetting the current domain, in  0.737 seconds
Domain Reload Profiling: 1480ms
	BeginReloadAssembly (225ms)
		ExecutionOrderSort (0ms)
		DisableScriptedObjects (8ms)
		BackupInstance (0ms)
		ReleaseScriptingObjects (0ms)
		CreateAndSetChildDomain (56ms)
	RebuildCommonClasses (36ms)
	RebuildNativeTypeToScriptingClass (10ms)
	initialDomainReloadingComplete (30ms)
	LoadAllAssembliesAndSetupDomain (443ms)
		LoadAssemblies (377ms)
		RebuildTransferFunctionScriptingTraits (0ms)
		AnalyzeDomain (174ms)
			TypeCache.Refresh (11ms)
				TypeCache.ScanAssembly (1ms)
			BuildScriptInfoCaches (150ms)
			ResolveRequiredComponents (10ms)
	FinalizeReload (737ms)
		ReleaseScriptCaches (0ms)
		RebuildScriptCaches (0ms)
		SetupLoadedEditorAssemblies (542ms)
			LogAssemblyErrors (0ms)
			InitializePlatformSupportModulesInManaged (3ms)
			SetLoadedEditorAssemblies (4ms)
			BeforeProcessingInitializeOnLoad (105ms)
			ProcessInitializeOnLoadAttributes (373ms)
			ProcessInitializeOnLoadMethodAttributes (52ms)
			AfterProcessingInitializeOnLoad (7ms)
			EditorAssembliesLoaded (0ms)
		ExecutionOrderSort2 (0ms)
		AwakeInstancesAfterBackupRestoration (16ms)
Refreshing native plugins compatible for Editor in 1.65 ms, found 3 plugins.
Preloading 0 native plugins for Editor in 0.00 ms.
Unloading 13 Unused Serialized files (Serialized files now loaded: 0)
Unloading 5956 unused Assets / (3.8 MB). Loaded Objects now: 7347.
Memory consumption went from 245.0 MB to 241.2 MB.
Total: 9.641000 ms (FindLiveObjects: 0.918400 ms CreateObjectMapping: 0.628300 ms MarkObjects: 5.563700 ms  DeleteObjects: 2.529600 ms)

Prepare: number of updated asset objects reloaded= 0
========================================================================
Received Prepare
Begin MonoManager ReloadAssembly
- Loaded All Assemblies, in  0.711 seconds
Refreshing native plugins compatible for Editor in 1.44 ms, found 3 plugins.
Native extension for WindowsStandalone target not found
Mono: successfully reloaded assembly
- Finished resetting the current domain, in  0.676 seconds
Domain Reload Profiling: 1384ms
	BeginReloadAssembly (192ms)
		ExecutionOrderSort (0ms)
		DisableScriptedObjects (6ms)
		BackupInstance (0ms)
		ReleaseScriptingObjects (0ms)
		CreateAndSetChildDomain (50ms)
	RebuildCommonClasses (31ms)
	RebuildNativeTypeToScriptingClass (10ms)
	initialDomainReloadingComplete (32ms)
	LoadAllAssembliesAndSetupDomain (443ms)
		LoadAssemblies (366ms)
		RebuildTransferFunctionScriptingTraits (0ms)
		AnalyzeDomain (170ms)
			TypeCache.Refresh (7ms)
				TypeCache.ScanAssembly (0ms)
			BuildScriptInfoCaches (150ms)
			ResolveRequiredComponents (9ms)
	FinalizeReload (676ms)
		ReleaseScriptCaches (0ms)
		RebuildScriptCaches (0ms)
		SetupLoadedEditorAssemblies (499ms)
			LogAssemblyErrors (0ms)
			InitializePlatformSupportModulesInManaged (2ms)
			SetLoadedEditorAssemblies (3ms)
			BeforeProcessingInitializeOnLoad (103ms)
			ProcessInitializeOnLoadAttributes (339ms)
			ProcessInitializeOnLoadMethodAttributes (44ms)
			AfterProcessingInitializeOnLoad (7ms)
			EditorAssembliesLoaded (0ms)
		ExecutionOrderSort2 (0ms)
		AwakeInstancesAfterBackupRestoration (14ms)
Refreshing native plugins compatible for Editor in 1.66 ms, found 3 plugins.
Preloading 0 native plugins for Editor in 0.00 ms.
Unloading 13 Unused Serialized files (Serialized files now loaded: 0)
Unloading 5956 unused Assets / (4.1 MB). Loaded Objects now: 7349.
Memory consumption went from 245.0 MB to 240.9 MB.
Total: 10.668300 ms (FindLiveObjects: 0.942500 ms CreateObjectMapping: 1.072300 ms MarkObjects: 5.566600 ms  DeleteObjects: 3.085500 ms)

Prepare: number of updated asset objects reloaded= 0
========================================================================
Received Import Request.
  Time since last request: 294.523001 seconds.
  path: Assets/Scrips/houseBehaviour.cs
  artifactKey: Guid(1e971f230958bac4681382036263c23d) Importer(815301076,1909f56bfc062723c751e8b465ee728b)
Start importing Assets/Scrips/houseBehaviour.cs using Guid(1e971f230958bac4681382036263c23d) Importer(815301076,1909f56bfc062723c751e8b465ee728b) (PreviewImporter) -> (artifact id: '43f1f947b593d0eb670385704b0390f3') in 0.0117348 seconds
Number of updated asset objects reloaded before import = 0Number of asset objects unloaded after import = 0

========================================================================
Received Prepare
Refreshing native plugins compatible for Editor in 1.87 ms, found 3 plugins.
Preloading 0 native plugins for Editor in 0.00 ms.
Unloading 13 Unused Serialized files (Serialized files now loaded: 0)
Unloading 5948 unused Assets / (4.0 MB). Loaded Objects now: 7348.
Memory consumption went from 245.2 MB to 241.2 MB.
Total: 14.551000 ms (FindLiveObjects: 1.510200 ms CreateObjectMapping: 1.794600 ms MarkObjects: 7.653600 ms  DeleteObjects: 3.589900 ms)

Prepare: number of updated asset objects reloaded= 0
========================================================================
Received Prepare
Begin MonoManager ReloadAssembly
- Loaded All Assemblies, in  0.743 seconds
Refreshing native plugins compatible for Editor in 1.38 ms, found 3 plugins.
Native extension for WindowsStandalone target not found
Mono: successfully reloaded assembly
- Finished resetting the current domain, in  0.706 seconds
Domain Reload Profiling: 1446ms
	BeginReloadAssembly (204ms)
		ExecutionOrderSort (0ms)
		DisableScriptedObjects (6ms)
		BackupInstance (0ms)
		ReleaseScriptingObjects (0ms)
		CreateAndSetChildDomain (55ms)
	RebuildCommonClasses (32ms)
	RebuildNativeTypeToScriptingClass (11ms)
	initialDomainReloadingComplete (35ms)
	LoadAllAssembliesAndSetupDomain (458ms)
		LoadAssemblies (381ms)
		RebuildTransferFunctionScriptingTraits (0ms)
		AnalyzeDomain (174ms)
			TypeCache.Refresh (11ms)
				TypeCache.ScanAssembly (1ms)
			BuildScriptInfoCaches (151ms)
			ResolveRequiredComponents (9ms)
	FinalizeReload (707ms)
		ReleaseScriptCaches (0ms)
		RebuildScriptCaches (0ms)
		SetupLoadedEditorAssemblies (527ms)
			LogAssemblyErrors (0ms)
			InitializePlatformSupportModulesInManaged (2ms)
			SetLoadedEditorAssemblies (4ms)
			BeforeProcessingInitializeOnLoad (110ms)
			ProcessInitializeOnLoadAttributes (355ms)
			ProcessInitializeOnLoadMethodAttributes (48ms)
			AfterProcessingInitializeOnLoad (7ms)
			EditorAssembliesLoaded (0ms)
		ExecutionOrderSort2 (0ms)
		AwakeInstancesAfterBackupRestoration (18ms)
Refreshing native plugins compatible for Editor in 1.58 ms, found 3 plugins.
Preloading 0 native plugins for Editor in 0.00 ms.
Unloading 13 Unused Serialized files (Serialized files now loaded: 0)
Unloading 5955 unused Assets / (3.9 MB). Loaded Objects now: 7350.
Memory consumption went from 245.0 MB to 241.1 MB.
Total: 9.531700 ms (FindLiveObjects: 0.860100 ms CreateObjectMapping: 0.564900 ms MarkObjects: 5.507600 ms  DeleteObjects: 2.598100 ms)

Prepare: number of updated asset objects reloaded= 0
========================================================================
Received Prepare
Begin MonoManager ReloadAssembly
- Loaded All Assemblies, in  0.725 seconds
Refreshing native plugins compatible for Editor in 1.57 ms, found 3 plugins.
Native extension for WindowsStandalone target not found
Mono: successfully reloaded assembly
- Finished resetting the current domain, in  0.717 seconds
Domain Reload Profiling: 1439ms
	BeginReloadAssembly (199ms)
		ExecutionOrderSort (0ms)
		DisableScriptedObjects (6ms)
		BackupInstance (0ms)
		ReleaseScriptingObjects (0ms)
		CreateAndSetChildDomain (54ms)
	RebuildCommonClasses (31ms)
	RebuildNativeTypeToScriptingClass (11ms)
	initialDomainReloadingComplete (34ms)
	LoadAllAssembliesAndSetupDomain (447ms)
		LoadAssemblies (365ms)
		RebuildTransferFunctionScriptingTraits (0ms)
		AnalyzeDomain (176ms)
			TypeCache.Refresh (6ms)
				TypeCache.ScanAssembly (0ms)
			BuildScriptInfoCaches (158ms)
			ResolveRequiredComponents (10ms)
	FinalizeReload (718ms)
		ReleaseScriptCaches (0ms)
		RebuildScriptCaches (0ms)
		SetupLoadedEditorAssemblies (531ms)
			LogAssemblyErrors (0ms)
			InitializePlatformSupportModulesInManaged (2ms)
			SetLoadedEditorAssemblies (4ms)
			BeforeProcessingInitializeOnLoad (112ms)
			ProcessInitializeOnLoadAttributes (359ms)
			ProcessInitializeOnLoadMethodAttributes (47ms)
			AfterProcessingInitializeOnLoad (8ms)
			EditorAssembliesLoaded (0ms)
		ExecutionOrderSort2 (0ms)
		AwakeInstancesAfterBackupRestoration (15ms)
Refreshing native plugins compatible for Editor in 1.80 ms, found 3 plugins.
Preloading 0 native plugins for Editor in 0.00 ms.
Unloading 13 Unused Serialized files (Serialized files now loaded: 0)
Unloading 5955 unused Assets / (4.0 MB). Loaded Objects now: 7352.
Memory consumption went from 245.0 MB to 241.0 MB.
Total: 9.549400 ms (FindLiveObjects: 0.964700 ms CreateObjectMapping: 1.089900 ms MarkObjects: 4.821000 ms  DeleteObjects: 2.672800 ms)

Prepare: number of updated asset objects reloaded= 0
========================================================================
Received Prepare
Refreshing native plugins compatible for Editor in 2.21 ms, found 3 plugins.
Preloading 0 native plugins for Editor in 0.00 ms.
Unloading 13 Unused Serialized files (Serialized files now loaded: 0)
Unloading 5948 unused Assets / (4.3 MB). Loaded Objects now: 7352.
Memory consumption went from 245.2 MB to 240.9 MB.
Total: 11.826200 ms (FindLiveObjects: 0.948400 ms CreateObjectMapping: 1.057300 ms MarkObjects: 6.540500 ms  DeleteObjects: 3.278200 ms)

Prepare: number of updated asset objects reloaded= 0
========================================================================
Received Prepare
Begin MonoManager ReloadAssembly
- Loaded All Assemblies, in  0.800 seconds
Refreshing native plugins compatible for Editor in 1.63 ms, found 3 plugins.
Native extension for WindowsStandalone target not found
Mono: successfully reloaded assembly
- Finished resetting the current domain, in  0.720 seconds
Domain Reload Profiling: 1513ms
	BeginReloadAssembly (233ms)
		ExecutionOrderSort (0ms)
		DisableScriptedObjects (6ms)
		BackupInstance (0ms)
		ReleaseScriptingObjects (0ms)
		CreateAndSetChildDomain (53ms)
	RebuildCommonClasses (35ms)
	RebuildNativeTypeToScriptingClass (10ms)
	initialDomainReloadingComplete (37ms)
	LoadAllAssembliesAndSetupDomain (477ms)
		LoadAssemblies (422ms)
		RebuildTransferFunctionScriptingTraits (0ms)
		AnalyzeDomain (172ms)
			TypeCache.Refresh (12ms)
				TypeCache.ScanAssembly (1ms)
			BuildScriptInfoCaches (148ms)
			ResolveRequiredComponents (9ms)
	FinalizeReload (721ms)
		ReleaseScriptCaches (0ms)
		RebuildScriptCaches (0ms)
		SetupLoadedEditorAssemblies (546ms)
			LogAssemblyErrors (0ms)
			InitializePlatformSupportModulesInManaged (2ms)
			SetLoadedEditorAssemblies (4ms)
			BeforeProcessingInitializeOnLoad (105ms)
			ProcessInitializeOnLoadAttributes (375ms)
			ProcessInitializeOnLoadMethodAttributes (52ms)
			AfterProcessingInitializeOnLoad (7ms)
			EditorAssembliesLoaded (0ms)
		ExecutionOrderSort2 (0ms)
		AwakeInstancesAfterBackupRestoration (14ms)
Refreshing native plugins compatible for Editor in 1.73 ms, found 3 plugins.
Preloading 0 native plugins for Editor in 0.00 ms.
Unloading 13 Unused Serialized files (Serialized files now loaded: 0)
Unloading 5955 unused Assets / (4.4 MB). Loaded Objects now: 7354.
Memory consumption went from 245.0 MB to 240.6 MB.
Total: 13.397500 ms (FindLiveObjects: 1.198300 ms CreateObjectMapping: 0.991100 ms MarkObjects: 6.803400 ms  DeleteObjects: 4.401000 ms)

Prepare: number of updated asset objects reloaded= 0
========================================================================
Received Prepare
Begin MonoManager ReloadAssembly
- Loaded All Assemblies, in  0.725 seconds
Refreshing native plugins compatible for Editor in 1.45 ms, found 3 plugins.
Native extension for WindowsStandalone target not found
Mono: successfully reloaded assembly
- Finished resetting the current domain, in  0.693 seconds
Domain Reload Profiling: 1415ms
	BeginReloadAssembly (199ms)
		ExecutionOrderSort (0ms)
		DisableScriptedObjects (6ms)
		BackupInstance (0ms)
		ReleaseScriptingObjects (0ms)
		CreateAndSetChildDomain (51ms)
	RebuildCommonClasses (31ms)
	RebuildNativeTypeToScriptingClass (10ms)
	initialDomainReloadingComplete (31ms)
	LoadAllAssembliesAndSetupDomain (450ms)
		LoadAssemblies (375ms)
		RebuildTransferFunctionScriptingTraits (0ms)
		AnalyzeDomain (172ms)
			TypeCache.Refresh (9ms)
				TypeCache.ScanAssembly (0ms)
			BuildScriptInfoCaches (150ms)
			ResolveRequiredComponents (9ms)
	FinalizeReload (693ms)
		ReleaseScriptCaches (0ms)
		RebuildScriptCaches (0ms)
		SetupLoadedEditorAssemblies (521ms)
			LogAssemblyErrors (0ms)
			InitializePlatformSupportModulesInManaged (2ms)
			SetLoadedEditorAssemblies (4ms)
			BeforeProcessingInitializeOnLoad (107ms)
			ProcessInitializeOnLoadAttributes (356ms)
			ProcessInitializeOnLoadMethodAttributes (44ms)
			AfterProcessingInitializeOnLoad (8ms)
			EditorAssembliesLoaded (0ms)
		ExecutionOrderSort2 (0ms)
		AwakeInstancesAfterBackupRestoration (15ms)
Refreshing native plugins compatible for Editor in 1.84 ms, found 3 plugins.
Preloading 0 native plugins for Editor in 0.00 ms.
Unloading 13 Unused Serialized files (Serialized files now loaded: 0)
Unloading 5955 unused Assets / (4.0 MB). Loaded Objects now: 7356.
Memory consumption went from 245.1 MB to 241.1 MB.
Total: 9.844400 ms (FindLiveObjects: 0.888100 ms CreateObjectMapping: 0.666500 ms MarkObjects: 5.556500 ms  DeleteObjects: 2.732000 ms)

Prepare: number of updated asset objects reloaded= 0
========================================================================
Received Prepare
Refreshing native plugins compatible for Editor in 1.52 ms, found 3 plugins.
Preloading 0 native plugins for Editor in 0.00 ms.
Unloading 13 Unused Serialized files (Serialized files now loaded: 0)
Unloading 5948 unused Assets / (4.2 MB). Loaded Objects now: 7356.
Memory consumption went from 245.3 MB to 241.1 MB.
Total: 9.866200 ms (FindLiveObjects: 0.749000 ms CreateObjectMapping: 0.379400 ms MarkObjects: 5.698000 ms  DeleteObjects: 3.038100 ms)

Prepare: number of updated asset objects reloaded= 0
========================================================================
Received Prepare
Begin MonoManager ReloadAssembly
- Loaded All Assemblies, in  0.803 seconds
Refreshing native plugins compatible for Editor in 1.39 ms, found 3 plugins.
Native extension for WindowsStandalone target not found
Mono: successfully reloaded assembly
- Finished resetting the current domain, in  0.730 seconds
Domain Reload Profiling: 1526ms
	BeginReloadAssembly (223ms)
		ExecutionOrderSort (0ms)
		DisableScriptedObjects (6ms)
		BackupInstance (0ms)
		ReleaseScriptingObjects (0ms)
		CreateAndSetChildDomain (54ms)
	RebuildCommonClasses (46ms)
	RebuildNativeTypeToScriptingClass (17ms)
	initialDomainReloadingComplete (43ms)
	LoadAllAssembliesAndSetupDomain (465ms)
		LoadAssemblies (398ms)
		RebuildTransferFunctionScriptingTraits (0ms)
		AnalyzeDomain (175ms)
			TypeCache.Refresh (11ms)
				TypeCache.ScanAssembly (1ms)
			BuildScriptInfoCaches (151ms)
			ResolveRequiredComponents (9ms)
	FinalizeReload (731ms)
		ReleaseScriptCaches (0ms)
		RebuildScriptCaches (0ms)
		SetupLoadedEditorAssemblies (556ms)
			LogAssemblyErrors (0ms)
			InitializePlatformSupportModulesInManaged (2ms)
			SetLoadedEditorAssemblies (5ms)
			BeforeProcessingInitializeOnLoad (107ms)
			ProcessInitializeOnLoadAttributes (383ms)
			ProcessInitializeOnLoadMethodAttributes (52ms)
			AfterProcessingInitializeOnLoad (7ms)
			EditorAssembliesLoaded (0ms)
		ExecutionOrderSort2 (0ms)
		AwakeInstancesAfterBackupRestoration (15ms)
Refreshing native plugins compatible for Editor in 1.51 ms, found 3 plugins.
Preloading 0 native plugins for Editor in 0.00 ms.
Unloading 13 Unused Serialized files (Serialized files now loaded: 0)
Unloading 5955 unused Assets / (3.9 MB). Loaded Objects now: 7358.
Memory consumption went from 245.1 MB to 241.2 MB.
Total: 7.572700 ms (FindLiveObjects: 0.764800 ms CreateObjectMapping: 0.372200 ms MarkObjects: 4.174100 ms  DeleteObjects: 2.260800 ms)

Prepare: number of updated asset objects reloaded= 0
========================================================================
Received Prepare
Begin MonoManager ReloadAssembly
- Loaded All Assemblies, in  0.736 seconds
Refreshing native plugins compatible for Editor in 1.42 ms, found 3 plugins.
Native extension for WindowsStandalone target not found
Mono: successfully reloaded assembly
- Finished resetting the current domain, in  0.697 seconds
Domain Reload Profiling: 1430ms
	BeginReloadAssembly (201ms)
		ExecutionOrderSort (0ms)
		DisableScriptedObjects (6ms)
		BackupInstance (0ms)
		ReleaseScriptingObjects (0ms)
		CreateAndSetChildDomain (48ms)
	RebuildCommonClasses (31ms)
	RebuildNativeTypeToScriptingClass (10ms)
	initialDomainReloadingComplete (31ms)
	LoadAllAssembliesAndSetupDomain (460ms)
		LoadAssemblies (381ms)
		RebuildTransferFunctionScriptingTraits (0ms)
		AnalyzeDomain (181ms)
			TypeCache.Refresh (12ms)
				TypeCache.ScanAssembly (1ms)
			BuildScriptInfoCaches (157ms)
			ResolveRequiredComponents (9ms)
	FinalizeReload (697ms)
		ReleaseScriptCaches (0ms)
		RebuildScriptCaches (0ms)
		SetupLoadedEditorAssemblies (525ms)
			LogAssemblyErrors (0ms)
			InitializePlatformSupportModulesInManaged (3ms)
			SetLoadedEditorAssemblies (6ms)
			BeforeProcessingInitializeOnLoad (102ms)
			ProcessInitializeOnLoadAttributes (360ms)
			ProcessInitializeOnLoadMethodAttributes (47ms)
			AfterProcessingInitializeOnLoad (7ms)
			EditorAssembliesLoaded (0ms)
		ExecutionOrderSort2 (0ms)
		AwakeInstancesAfterBackupRestoration (15ms)
Refreshing native plugins compatible for Editor in 1.62 ms, found 3 plugins.
Preloading 0 native plugins for Editor in 0.00 ms.
Unloading 13 Unused Serialized files (Serialized files now loaded: 0)
Unloading 5955 unused Assets / (3.9 MB). Loaded Objects now: 7360.
Memory consumption went from 245.1 MB to 241.2 MB.
Total: 11.661000 ms (FindLiveObjects: 0.968900 ms CreateObjectMapping: 0.606100 ms MarkObjects: 7.110500 ms  DeleteObjects: 2.974000 ms)

Prepare: number of updated asset objects reloaded= 0
========================================================================
Received Prepare
Begin MonoManager ReloadAssembly
- Loaded All Assemblies, in  0.726 seconds
Refreshing native plugins compatible for Editor in 1.39 ms, found 3 plugins.
Native extension for WindowsStandalone target not found
Mono: successfully reloaded assembly
- Finished resetting the current domain, in  0.684 seconds
Domain Reload Profiling: 1407ms
	BeginReloadAssembly (193ms)
		ExecutionOrderSort (0ms)
		DisableScriptedObjects (6ms)
		BackupInstance (0ms)
		ReleaseScriptingObjects (0ms)
		CreateAndSetChildDomain (47ms)
	RebuildCommonClasses (31ms)
	RebuildNativeTypeToScriptingClass (10ms)
	initialDomainReloadingComplete (32ms)
	LoadAllAssembliesAndSetupDomain (457ms)
		LoadAssemblies (372ms)
		RebuildTransferFunctionScriptingTraits (0ms)
		AnalyzeDomain (180ms)
			TypeCache.Refresh (9ms)
				TypeCache.ScanAssembly (0ms)
			BuildScriptInfoCaches (158ms)
			ResolveRequiredComponents (9ms)
	FinalizeReload (684ms)
		ReleaseScriptCaches (0ms)
		RebuildScriptCaches (0ms)
		SetupLoadedEditorAssemblies (504ms)
			LogAssemblyErrors (0ms)
			InitializePlatformSupportModulesInManaged (2ms)
			SetLoadedEditorAssemblies (3ms)
			BeforeProcessingInitializeOnLoad (106ms)
			ProcessInitializeOnLoadAttributes (341ms)
			ProcessInitializeOnLoadMethodAttributes (44ms)
			AfterProcessingInitializeOnLoad (7ms)
			EditorAssembliesLoaded (0ms)
		ExecutionOrderSort2 (0ms)
		AwakeInstancesAfterBackupRestoration (15ms)
Refreshing native plugins compatible for Editor in 1.54 ms, found 3 plugins.
Preloading 0 native plugins for Editor in 0.00 ms.
Unloading 13 Unused Serialized files (Serialized files now loaded: 0)
Unloading 5955 unused Assets / (3.6 MB). Loaded Objects now: 7362.
Memory consumption went from 245.1 MB to 241.4 MB.
Total: 6.953800 ms (FindLiveObjects: 0.758900 ms CreateObjectMapping: 0.381900 ms MarkObjects: 3.920300 ms  DeleteObjects: 1.891800 ms)

Prepare: number of updated asset objects reloaded= 0
========================================================================
Received Prepare
Begin MonoManager ReloadAssembly
- Loaded All Assemblies, in  1.029 seconds
Refreshing native plugins compatible for Editor in 1.56 ms, found 3 plugins.
Native extension for WindowsStandalone target not found
Mono: successfully reloaded assembly
- Finished resetting the current domain, in  0.888 seconds
Domain Reload Profiling: 1916ms
	BeginReloadAssembly (327ms)
		ExecutionOrderSort (0ms)
		DisableScriptedObjects (10ms)
		BackupInstance (0ms)
		ReleaseScriptingObjects (0ms)
		CreateAndSetChildDomain (116ms)
	RebuildCommonClasses (45ms)
	RebuildNativeTypeToScriptingClass (13ms)
	initialDomainReloadingComplete (33ms)
	LoadAllAssembliesAndSetupDomain (610ms)
		LoadAssemblies (494ms)
		RebuildTransferFunctionScriptingTraits (0ms)
		AnalyzeDomain (242ms)
			TypeCache.Refresh (18ms)
				TypeCache.ScanAssembly (2ms)
			BuildScriptInfoCaches (206ms)
			ResolveRequiredComponents (14ms)
	FinalizeReload (888ms)
		ReleaseScriptCaches (0ms)
		RebuildScriptCaches (0ms)
		SetupLoadedEditorAssemblies (672ms)
			LogAssemblyErrors (0ms)
			InitializePlatformSupportModulesInManaged (3ms)
			SetLoadedEditorAssemblies (6ms)
			BeforeProcessingInitializeOnLoad (133ms)
			ProcessInitializeOnLoadAttributes (466ms)
			ProcessInitializeOnLoadMethodAttributes (55ms)
			AfterProcessingInitializeOnLoad (9ms)
			EditorAssembliesLoaded (0ms)
		ExecutionOrderSort2 (0ms)
		AwakeInstancesAfterBackupRestoration (15ms)
Refreshing native plugins compatible for Editor in 1.80 ms, found 3 plugins.
Preloading 0 native plugins for Editor in 0.00 ms.
Unloading 13 Unused Serialized files (Serialized files now loaded: 0)
Unloading 5955 unused Assets / (5.6 MB). Loaded Objects now: 7364.
Memory consumption went from 245.1 MB to 239.5 MB.
Total: 14.162800 ms (FindLiveObjects: 1.420700 ms CreateObjectMapping: 1.118300 ms MarkObjects: 6.254500 ms  DeleteObjects: 5.367400 ms)

Prepare: number of updated asset objects reloaded= 0
========================================================================
Received Prepare
Begin MonoManager ReloadAssembly
- Loaded All Assemblies, in  1.046 seconds
Refreshing native plugins compatible for Editor in 1.68 ms, found 3 plugins.
Native extension for WindowsStandalone target not found
Mono: successfully reloaded assembly
- Finished resetting the current domain, in  0.743 seconds
Domain Reload Profiling: 1786ms
	BeginReloadAssembly (358ms)
		ExecutionOrderSort (0ms)
		DisableScriptedObjects (23ms)
		BackupInstance (0ms)
		ReleaseScriptingObjects (1ms)
		CreateAndSetChildDomain (128ms)
	RebuildCommonClasses (34ms)
	RebuildNativeTypeToScriptingClass (11ms)
	initialDomainReloadingComplete (36ms)
	LoadAllAssembliesAndSetupDomain (604ms)
		LoadAssemblies (513ms)
		RebuildTransferFunctionScriptingTraits (0ms)
		AnalyzeDomain (213ms)
			TypeCache.Refresh (11ms)
				TypeCache.ScanAssembly (1ms)
			BuildScriptInfoCaches (188ms)
			ResolveRequiredComponents (10ms)
	FinalizeReload (744ms)
		ReleaseScriptCaches (0ms)
		RebuildScriptCaches (0ms)
		SetupLoadedEditorAssemblies (555ms)
			LogAssemblyErrors (0ms)
			InitializePlatformSupportModulesInManaged (2ms)
			SetLoadedEditorAssemblies (3ms)
			BeforeProcessingInitializeOnLoad (122ms)
			ProcessInitializeOnLoadAttributes (373ms)
			ProcessInitializeOnLoadMethodAttributes (46ms)
			AfterProcessingInitializeOnLoad (7ms)
			EditorAssembliesLoaded (0ms)
		ExecutionOrderSort2 (0ms)
		AwakeInstancesAfterBackupRestoration (15ms)
Refreshing native plugins compatible for Editor in 1.61 ms, found 3 plugins.
Preloading 0 native plugins for Editor in 0.00 ms.
Unloading 13 Unused Serialized files (Serialized files now loaded: 0)
Unloading 5955 unused Assets / (4.1 MB). Loaded Objects now: 7366.
Memory consumption went from 245.1 MB to 241.0 MB.
Total: 10.936900 ms (FindLiveObjects: 1.048700 ms CreateObjectMapping: 0.951000 ms MarkObjects: 5.921900 ms  DeleteObjects: 3.014300 ms)

Prepare: number of updated asset objects reloaded= 0
========================================================================
Received Prepare
Begin MonoManager ReloadAssembly
- Loaded All Assemblies, in  0.744 seconds
Refreshing native plugins compatible for Editor in 1.39 ms, found 3 plugins.
Native extension for WindowsStandalone target not found
Mono: successfully reloaded assembly
- Finished resetting the current domain, in  0.686 seconds
Domain Reload Profiling: 1427ms
	BeginReloadAssembly (200ms)
		ExecutionOrderSort (0ms)
		DisableScriptedObjects (6ms)
		BackupInstance (0ms)
		ReleaseScriptingObjects (0ms)
		CreateAndSetChildDomain (51ms)
	RebuildCommonClasses (31ms)
	RebuildNativeTypeToScriptingClass (10ms)
	initialDomainReloadingComplete (34ms)
	LoadAllAssembliesAndSetupDomain (466ms)
		LoadAssemblies (382ms)
		RebuildTransferFunctionScriptingTraits (0ms)
		AnalyzeDomain (182ms)
			TypeCache.Refresh (9ms)
				TypeCache.ScanAssembly (0ms)
			BuildScriptInfoCaches (159ms)
			ResolveRequiredComponents (11ms)
	FinalizeReload (686ms)
		ReleaseScriptCaches (0ms)
		RebuildScriptCaches (0ms)
		SetupLoadedEditorAssemblies (509ms)
			LogAssemblyErrors (0ms)
			InitializePlatformSupportModulesInManaged (2ms)
			SetLoadedEditorAssemblies (3ms)
			BeforeProcessingInitializeOnLoad (105ms)
			ProcessInitializeOnLoadAttributes (347ms)
			ProcessInitializeOnLoadMethodAttributes (44ms)
			AfterProcessingInitializeOnLoad (7ms)
			EditorAssembliesLoaded (0ms)
		ExecutionOrderSort2 (0ms)
		AwakeInstancesAfterBackupRestoration (14ms)
Refreshing native plugins compatible for Editor in 1.77 ms, found 3 plugins.
Preloading 0 native plugins for Editor in 0.00 ms.
Unloading 13 Unused Serialized files (Serialized files now loaded: 0)
Unloading 5955 unused Assets / (4.4 MB). Loaded Objects now: 7368.
Memory consumption went from 245.1 MB to 240.7 MB.
Total: 11.941900 ms (FindLiveObjects: 1.106900 ms CreateObjectMapping: 0.841900 ms MarkObjects: 6.458900 ms  DeleteObjects: 3.532800 ms)

Prepare: number of updated asset objects reloaded= 0
========================================================================
Received Prepare
Refreshing native plugins compatible for Editor in 2.38 ms, found 3 plugins.
Preloading 0 native plugins for Editor in 0.00 ms.
Unloading 13 Unused Serialized files (Serialized files now loaded: 0)
Unloading 5948 unused Assets / (4.2 MB). Loaded Objects now: 7368.
Memory consumption went from 245.3 MB to 241.0 MB.
Total: 16.235800 ms (FindLiveObjects: 2.080000 ms CreateObjectMapping: 1.682600 ms MarkObjects: 7.920300 ms  DeleteObjects: 4.550200 ms)

Prepare: number of updated asset objects reloaded= 0
========================================================================
Received Prepare
Begin MonoManager ReloadAssembly
- Loaded All Assemblies, in  0.755 seconds
Refreshing native plugins compatible for Editor in 1.42 ms, found 3 plugins.
Native extension for WindowsStandalone target not found
Mono: successfully reloaded assembly
- Finished resetting the current domain, in  0.729 seconds
Domain Reload Profiling: 1483ms
	BeginReloadAssembly (205ms)
		ExecutionOrderSort (0ms)
		DisableScriptedObjects (6ms)
		BackupInstance (0ms)
		ReleaseScriptingObjects (0ms)
		CreateAndSetChildDomain (50ms)
	RebuildCommonClasses (31ms)
	RebuildNativeTypeToScriptingClass (10ms)
	initialDomainReloadingComplete (34ms)
	LoadAllAssembliesAndSetupDomain (472ms)
		LoadAssemblies (394ms)
		RebuildTransferFunctionScriptingTraits (0ms)
		AnalyzeDomain (179ms)
			TypeCache.Refresh (12ms)
				TypeCache.ScanAssembly (1ms)
			BuildScriptInfoCaches (153ms)
			ResolveRequiredComponents (10ms)
	FinalizeReload (730ms)
		ReleaseScriptCaches (0ms)
		RebuildScriptCaches (0ms)
		SetupLoadedEditorAssemblies (552ms)
			LogAssemblyErrors (0ms)
			InitializePlatformSupportModulesInManaged (2ms)
			SetLoadedEditorAssemblies (3ms)
			BeforeProcessingInitializeOnLoad (113ms)
			ProcessInitializeOnLoadAttributes (371ms)
			ProcessInitializeOnLoadMethodAttributes (55ms)
			AfterProcessingInitializeOnLoad (8ms)
			EditorAssembliesLoaded (0ms)
		ExecutionOrderSort2 (0ms)
		AwakeInstancesAfterBackupRestoration (17ms)
Refreshing native plugins compatible for Editor in 2.51 ms, found 3 plugins.
Preloading 0 native plugins for Editor in 0.00 ms.
Unloading 13 Unused Serialized files (Serialized files now loaded: 0)
Unloading 5955 unused Assets / (4.4 MB). Loaded Objects now: 7370.
Memory consumption went from 245.1 MB to 240.7 MB.
Total: 9.460700 ms (FindLiveObjects: 1.117300 ms CreateObjectMapping: 1.034900 ms MarkObjects: 4.329400 ms  DeleteObjects: 2.978000 ms)

Prepare: number of updated asset objects reloaded= 0
========================================================================
Received Prepare
Begin MonoManager ReloadAssembly
- Loaded All Assemblies, in  0.804 seconds
Refreshing native plugins compatible for Editor in 1.72 ms, found 3 plugins.
Native extension for WindowsStandalone target not found
Mono: successfully reloaded assembly
- Finished resetting the current domain, in  0.755 seconds
Domain Reload Profiling: 1555ms
	BeginReloadAssembly (237ms)
		ExecutionOrderSort (0ms)
		DisableScriptedObjects (7ms)
		BackupInstance (0ms)
		ReleaseScriptingObjects (0ms)
		CreateAndSetChildDomain (58ms)
	RebuildCommonClasses (34ms)
	RebuildNativeTypeToScriptingClass (10ms)
	initialDomainReloadingComplete (35ms)
	LoadAllAssembliesAndSetupDomain (483ms)
		LoadAssemblies (420ms)
		RebuildTransferFunctionScriptingTraits (0ms)
		AnalyzeDomain (184ms)
			TypeCache.Refresh (12ms)
				TypeCache.ScanAssembly (1ms)
			BuildScriptInfoCaches (158ms)
			ResolveRequiredComponents (10ms)
	FinalizeReload (755ms)
		ReleaseScriptCaches (0ms)
		RebuildScriptCaches (0ms)
		SetupLoadedEditorAssemblies (574ms)
			LogAssemblyErrors (0ms)
			InitializePlatformSupportModulesInManaged (2ms)
			SetLoadedEditorAssemblies (4ms)
			BeforeProcessingInitializeOnLoad (108ms)
			ProcessInitializeOnLoadAttributes (392ms)
			ProcessInitializeOnLoadMethodAttributes (59ms)
			AfterProcessingInitializeOnLoad (8ms)
			EditorAssembliesLoaded (1ms)
		ExecutionOrderSort2 (0ms)
		AwakeInstancesAfterBackupRestoration (16ms)
Refreshing native plugins compatible for Editor in 1.79 ms, found 3 plugins.
Preloading 0 native plugins for Editor in 0.00 ms.
Unloading 13 Unused Serialized files (Serialized files now loaded: 0)
Unloading 5955 unused Assets / (4.2 MB). Loaded Objects now: 7372.
Memory consumption went from 245.1 MB to 241.0 MB.
Total: 10.429900 ms (FindLiveObjects: 1.049100 ms CreateObjectMapping: 1.094600 ms MarkObjects: 5.261400 ms  DeleteObjects: 3.023400 ms)

Prepare: number of updated asset objects reloaded= 0
========================================================================
Received Prepare
Refreshing native plugins compatible for Editor in 2.16 ms, found 3 plugins.
Preloading 0 native plugins for Editor in 0.00 ms.
Unloading 13 Unused Serialized files (Serialized files now loaded: 0)
Unloading 5948 unused Assets / (4.1 MB). Loaded Objects now: 7372.
Memory consumption went from 245.3 MB to 241.2 MB.
Total: 10.218100 ms (FindLiveObjects: 0.803000 ms CreateObjectMapping: 0.810700 ms MarkObjects: 5.545000 ms  DeleteObjects: 3.058100 ms)

Prepare: number of updated asset objects reloaded= 0
========================================================================
Received Prepare
Refreshing native plugins compatible for Editor in 2.15 ms, found 3 plugins.
Preloading 0 native plugins for Editor in 0.00 ms.
Unloading 13 Unused Serialized files (Serialized files now loaded: 0)
Unloading 5948 unused Assets / (4.8 MB). Loaded Objects now: 7372.
Memory consumption went from 245.3 MB to 240.5 MB.
Total: 15.153600 ms (FindLiveObjects: 1.454600 ms CreateObjectMapping: 1.661700 ms MarkObjects: 8.014000 ms  DeleteObjects: 4.021500 ms)

Prepare: number of updated asset objects reloaded= 0
========================================================================
Received Prepare
Begin MonoManager ReloadAssembly
- Loaded All Assemblies, in  0.759 seconds
Refreshing native plugins compatible for Editor in 1.48 ms, found 3 plugins.
Native extension for WindowsStandalone target not found
Mono: successfully reloaded assembly
- Finished resetting the current domain, in  0.697 seconds
Domain Reload Profiling: 1455ms
	BeginReloadAssembly (203ms)
		ExecutionOrderSort (0ms)
		DisableScriptedObjects (6ms)
		BackupInstance (0ms)
		ReleaseScriptingObjects (0ms)
		CreateAndSetChildDomain (53ms)
	RebuildCommonClasses (35ms)
	RebuildNativeTypeToScriptingClass (10ms)
	initialDomainReloadingComplete (31ms)
	LoadAllAssembliesAndSetupDomain (478ms)
		LoadAssemblies (391ms)
		RebuildTransferFunctionScriptingTraits (0ms)
		AnalyzeDomain (181ms)
			TypeCache.Refresh (11ms)
				TypeCache.ScanAssembly (1ms)
			BuildScriptInfoCaches (156ms)
			ResolveRequiredComponents (9ms)
	FinalizeReload (698ms)
		ReleaseScriptCaches (0ms)
		RebuildScriptCaches (0ms)
		SetupLoadedEditorAssemblies (524ms)
			LogAssemblyErrors (0ms)
			InitializePlatformSupportModulesInManaged (2ms)
			SetLoadedEditorAssemblies (4ms)
			BeforeProcessingInitializeOnLoad (104ms)
			ProcessInitializeOnLoadAttributes (359ms)
			ProcessInitializeOnLoadMethodAttributes (48ms)
			AfterProcessingInitializeOnLoad (7ms)
			EditorAssembliesLoaded (0ms)
		ExecutionOrderSort2 (0ms)
		AwakeInstancesAfterBackupRestoration (13ms)
Refreshing native plugins compatible for Editor in 1.68 ms, found 3 plugins.
Preloading 0 native plugins for Editor in 0.00 ms.
Unloading 13 Unused Serialized files (Serialized files now loaded: 0)
Unloading 5955 unused Assets / (4.1 MB). Loaded Objects now: 7374.
Memory consumption went from 245.1 MB to 241.0 MB.
Total: 10.349300 ms (FindLiveObjects: 0.928900 ms CreateObjectMapping: 1.086600 ms MarkObjects: 5.345300 ms  DeleteObjects: 2.987300 ms)

Prepare: number of updated asset objects reloaded= 0
========================================================================
Received Prepare
Begin MonoManager ReloadAssembly
- Loaded All Assemblies, in  0.756 seconds
Refreshing native plugins compatible for Editor in 1.43 ms, found 3 plugins.
Native extension for WindowsStandalone target not found
Mono: successfully reloaded assembly
- Finished resetting the current domain, in  0.727 seconds
Domain Reload Profiling: 1483ms
	BeginReloadAssembly (208ms)
		ExecutionOrderSort (0ms)
		DisableScriptedObjects (7ms)
		BackupInstance (0ms)
		ReleaseScriptingObjects (0ms)
		CreateAndSetChildDomain (51ms)
	RebuildCommonClasses (31ms)
	RebuildNativeTypeToScriptingClass (11ms)
	initialDomainReloadingComplete (30ms)
	LoadAllAssembliesAndSetupDomain (476ms)
		LoadAssemblies (395ms)
		RebuildTransferFunctionScriptingTraits (0ms)
		AnalyzeDomain (184ms)
			TypeCache.Refresh (12ms)
				TypeCache.ScanAssembly (1ms)
			BuildScriptInfoCaches (159ms)
			ResolveRequiredComponents (9ms)
	FinalizeReload (728ms)
		ReleaseScriptCaches (0ms)
		RebuildScriptCaches (0ms)
		SetupLoadedEditorAssemblies (550ms)
			LogAssemblyErrors (0ms)
			InitializePlatformSupportModulesInManaged (2ms)
			SetLoadedEditorAssemblies (5ms)
			BeforeProcessingInitializeOnLoad (104ms)
			ProcessInitializeOnLoadAttributes (375ms)
			ProcessInitializeOnLoadMethodAttributes (56ms)
			AfterProcessingInitializeOnLoad (7ms)
			EditorAssembliesLoaded (0ms)
		ExecutionOrderSort2 (0ms)
		AwakeInstancesAfterBackupRestoration (19ms)
Refreshing native plugins compatible for Editor in 1.50 ms, found 3 plugins.
Preloading 0 native plugins for Editor in 0.00 ms.
Unloading 13 Unused Serialized files (Serialized files now loaded: 0)
Unloading 5955 unused Assets / (4.3 MB). Loaded Objects now: 7376.
Memory consumption went from 245.1 MB to 240.8 MB.
Total: 8.996700 ms (FindLiveObjects: 0.782200 ms CreateObjectMapping: 0.849300 ms MarkObjects: 4.783800 ms  DeleteObjects: 2.580600 ms)

Prepare: number of updated asset objects reloaded= 0
========================================================================
Received Prepare
Begin MonoManager ReloadAssembly
- Loaded All Assemblies, in  0.757 seconds
Refreshing native plugins compatible for Editor in 1.58 ms, found 3 plugins.
Native extension for WindowsStandalone target not found
Mono: successfully reloaded assembly
- Finished resetting the current domain, in  0.706 seconds
Domain Reload Profiling: 1462ms
	BeginReloadAssembly (214ms)
		ExecutionOrderSort (0ms)
		DisableScriptedObjects (6ms)
		BackupInstance (0ms)
		ReleaseScriptingObjects (0ms)
		CreateAndSetChildDomain (51ms)
	RebuildCommonClasses (32ms)
	RebuildNativeTypeToScriptingClass (11ms)
	initialDomainReloadingComplete (31ms)
	LoadAllAssembliesAndSetupDomain (468ms)
		LoadAssemblies (397ms)
		RebuildTransferFunctionScriptingTraits (0ms)
		AnalyzeDomain (180ms)
			TypeCache.Refresh (9ms)
				TypeCache.ScanAssembly (0ms)
			BuildScriptInfoCaches (157ms)
			ResolveRequiredComponents (10ms)
	FinalizeReload (706ms)
		ReleaseScriptCaches (0ms)
		RebuildScriptCaches (0ms)
		SetupLoadedEditorAssemblies (528ms)
			LogAssemblyErrors (0ms)
			InitializePlatformSupportModulesInManaged (2ms)
			SetLoadedEditorAssemblies (4ms)
			BeforeProcessingInitializeOnLoad (109ms)
			ProcessInitializeOnLoadAttributes (356ms)
			ProcessInitializeOnLoadMethodAttributes (48ms)
			AfterProcessingInitializeOnLoad (8ms)
			EditorAssembliesLoaded (0ms)
		ExecutionOrderSort2 (0ms)
		AwakeInstancesAfterBackupRestoration (15ms)
Refreshing native plugins compatible for Editor in 1.48 ms, found 3 plugins.
Preloading 0 native plugins for Editor in 0.00 ms.
Unloading 13 Unused Serialized files (Serialized files now loaded: 0)
Unloading 5955 unused Assets / (3.8 MB). Loaded Objects now: 7378.
Memory consumption went from 245.1 MB to 241.3 MB.
Total: 8.672100 ms (FindLiveObjects: 1.235000 ms CreateObjectMapping: 0.839500 ms MarkObjects: 4.389200 ms  DeleteObjects: 2.207800 ms)

Prepare: number of updated asset objects reloaded= 0
========================================================================
Received Prepare
Begin MonoManager ReloadAssembly
- Loaded All Assemblies, in  0.754 seconds
Refreshing native plugins compatible for Editor in 1.46 ms, found 3 plugins.
Native extension for WindowsStandalone target not found
Mono: successfully reloaded assembly
- Finished resetting the current domain, in  0.692 seconds
Domain Reload Profiling: 1446ms
	BeginReloadAssembly (209ms)
		ExecutionOrderSort (0ms)
		DisableScriptedObjects (6ms)
		BackupInstance (0ms)
		ReleaseScriptingObjects (0ms)
		CreateAndSetChildDomain (51ms)
	RebuildCommonClasses (32ms)
	RebuildNativeTypeToScriptingClass (10ms)
	initialDomainReloadingComplete (32ms)
	LoadAllAssembliesAndSetupDomain (470ms)
		LoadAssemblies (386ms)
		RebuildTransferFunctionScriptingTraits (0ms)
		AnalyzeDomain (183ms)
			TypeCache.Refresh (12ms)
				TypeCache.ScanAssembly (1ms)
			BuildScriptInfoCaches (158ms)
			ResolveRequiredComponents (9ms)
	FinalizeReload (693ms)
		ReleaseScriptCaches (0ms)
		RebuildScriptCaches (0ms)
		SetupLoadedEditorAssemblies (514ms)
			LogAssemblyErrors (0ms)
			InitializePlatformSupportModulesInManaged (2ms)
			SetLoadedEditorAssemblies (4ms)
			BeforeProcessingInitializeOnLoad (104ms)
			ProcessInitializeOnLoadAttributes (346ms)
			ProcessInitializeOnLoadMethodAttributes (47ms)
			AfterProcessingInitializeOnLoad (9ms)
			EditorAssembliesLoaded (0ms)
		ExecutionOrderSort2 (0ms)
		AwakeInstancesAfterBackupRestoration (17ms)
Refreshing native plugins compatible for Editor in 1.60 ms, found 3 plugins.
Preloading 0 native plugins for Editor in 0.00 ms.
Unloading 13 Unused Serialized files (Serialized files now loaded: 0)
Unloading 5955 unused Assets / (3.9 MB). Loaded Objects now: 7380.
Memory consumption went from 245.1 MB to 241.3 MB.
Total: 8.161200 ms (FindLiveObjects: 0.831800 ms CreateObjectMapping: 0.498400 ms MarkObjects: 4.254000 ms  DeleteObjects: 2.575800 ms)

Prepare: number of updated asset objects reloaded= 0
========================================================================
Received Prepare
Begin MonoManager ReloadAssembly
- Loaded All Assemblies, in  0.734 seconds
Refreshing native plugins compatible for Editor in 1.48 ms, found 3 plugins.
Native extension for WindowsStandalone target not found
Mono: successfully reloaded assembly
- Finished resetting the current domain, in  0.700 seconds
Domain Reload Profiling: 1430ms
	BeginReloadAssembly (194ms)
		ExecutionOrderSort (0ms)
		DisableScriptedObjects (6ms)
		BackupInstance (0ms)
		ReleaseScriptingObjects (0ms)
		CreateAndSetChildDomain (47ms)
	RebuildCommonClasses (31ms)
	RebuildNativeTypeToScriptingClass (10ms)
	initialDomainReloadingComplete (33ms)
	LoadAllAssembliesAndSetupDomain (462ms)
		LoadAssemblies (375ms)
		RebuildTransferFunctionScriptingTraits (0ms)
		AnalyzeDomain (185ms)
			TypeCache.Refresh (9ms)
				TypeCache.ScanAssembly (0ms)
			BuildScriptInfoCaches (161ms)
			ResolveRequiredComponents (11ms)
	FinalizeReload (700ms)
		ReleaseScriptCaches (0ms)
		RebuildScriptCaches (0ms)
		SetupLoadedEditorAssemblies (521ms)
			LogAssemblyErrors (0ms)
			InitializePlatformSupportModulesInManaged (2ms)
			SetLoadedEditorAssemblies (4ms)
			BeforeProcessingInitializeOnLoad (101ms)
			ProcessInitializeOnLoadAttributes (357ms)
			ProcessInitializeOnLoadMethodAttributes (49ms)
			AfterProcessingInitializeOnLoad (7ms)
			EditorAssembliesLoaded (0ms)
		ExecutionOrderSort2 (0ms)
		AwakeInstancesAfterBackupRestoration (16ms)
Refreshing native plugins compatible for Editor in 1.65 ms, found 3 plugins.
Preloading 0 native plugins for Editor in 0.00 ms.
Unloading 13 Unused Serialized files (Serialized files now loaded: 0)
Unloading 5955 unused Assets / (4.4 MB). Loaded Objects now: 7382.
Memory consumption went from 245.1 MB to 240.7 MB.
Total: 10.344600 ms (FindLiveObjects: 0.950400 ms CreateObjectMapping: 0.694600 ms MarkObjects: 5.617100 ms  DeleteObjects: 3.081300 ms)

Prepare: number of updated asset objects reloaded= 0
========================================================================
Received Prepare
Refreshing native plugins compatible for Editor in 1.78 ms, found 3 plugins.
Preloading 0 native plugins for Editor in 0.00 ms.
Unloading 13 Unused Serialized files (Serialized files now loaded: 0)
Unloading 5948 unused Assets / (4.5 MB). Loaded Objects now: 7382.
Memory consumption went from 245.3 MB to 240.8 MB.
Total: 13.453000 ms (FindLiveObjects: 1.555400 ms CreateObjectMapping: 1.218500 ms MarkObjects: 6.480900 ms  DeleteObjects: 4.196300 ms)

Prepare: number of updated asset objects reloaded= 0
========================================================================
Received Prepare
Begin MonoManager ReloadAssembly
- Loaded All Assemblies, in  0.740 seconds
Refreshing native plugins compatible for Editor in 1.42 ms, found 3 plugins.
Native extension for WindowsStandalone target not found
Mono: successfully reloaded assembly
- Finished resetting the current domain, in  0.704 seconds
Domain Reload Profiling: 1443ms
	BeginReloadAssembly (197ms)
		ExecutionOrderSort (0ms)
		DisableScriptedObjects (6ms)
		BackupInstance (0ms)
		ReleaseScriptingObjects (0ms)
		CreateAndSetChildDomain (49ms)
	RebuildCommonClasses (34ms)
	RebuildNativeTypeToScriptingClass (11ms)
	initialDomainReloadingComplete (31ms)
	LoadAllAssembliesAndSetupDomain (466ms)
		LoadAssemblies (378ms)
		RebuildTransferFunctionScriptingTraits (0ms)
		AnalyzeDomain (184ms)
			TypeCache.Refresh (12ms)
				TypeCache.ScanAssembly (1ms)
			BuildScriptInfoCaches (154ms)
			ResolveRequiredComponents (13ms)
	FinalizeReload (704ms)
		ReleaseScriptCaches (0ms)
		RebuildScriptCaches (0ms)
		SetupLoadedEditorAssemblies (526ms)
			LogAssemblyErrors (0ms)
			InitializePlatformSupportModulesInManaged (3ms)
			SetLoadedEditorAssemblies (5ms)
			BeforeProcessingInitializeOnLoad (102ms)
			ProcessInitializeOnLoadAttributes (355ms)
			ProcessInitializeOnLoadMethodAttributes (53ms)
			AfterProcessingInitializeOnLoad (8ms)
			EditorAssembliesLoaded (0ms)
		ExecutionOrderSort2 (0ms)
		AwakeInstancesAfterBackupRestoration (16ms)
Refreshing native plugins compatible for Editor in 1.66 ms, found 3 plugins.
Preloading 0 native plugins for Editor in 0.00 ms.
Unloading 13 Unused Serialized files (Serialized files now loaded: 0)
Unloading 5955 unused Assets / (4.4 MB). Loaded Objects now: 7384.
Memory consumption went from 245.1 MB to 240.7 MB.
Total: 10.787300 ms (FindLiveObjects: 1.018300 ms CreateObjectMapping: 0.811000 ms MarkObjects: 5.631500 ms  DeleteObjects: 3.325200 ms)

Prepare: number of updated asset objects reloaded= 0
========================================================================
Received Prepare
Begin MonoManager ReloadAssembly
- Loaded All Assemblies, in  0.732 seconds
Refreshing native plugins compatible for Editor in 1.55 ms, found 3 plugins.
Native extension for WindowsStandalone target not found
Mono: successfully reloaded assembly
- Finished resetting the current domain, in  0.717 seconds
Domain Reload Profiling: 1447ms
	BeginReloadAssembly (202ms)
		ExecutionOrderSort (0ms)
		DisableScriptedObjects (6ms)
		BackupInstance (0ms)
		ReleaseScriptingObjects (0ms)
		CreateAndSetChildDomain (51ms)
	RebuildCommonClasses (31ms)
	RebuildNativeTypeToScriptingClass (10ms)
	initialDomainReloadingComplete (32ms)
	LoadAllAssembliesAndSetupDomain (454ms)
		LoadAssemblies (370ms)
		RebuildTransferFunctionScriptingTraits (0ms)
		AnalyzeDomain (182ms)
			TypeCache.Refresh (7ms)
				TypeCache.ScanAssembly (0ms)
			BuildScriptInfoCaches (161ms)
			ResolveRequiredComponents (10ms)
	FinalizeReload (717ms)
		ReleaseScriptCaches (0ms)
		RebuildScriptCaches (0ms)
		SetupLoadedEditorAssemblies (529ms)
			LogAssemblyErrors (0ms)
			InitializePlatformSupportModulesInManaged (2ms)
			SetLoadedEditorAssemblies (4ms)
			BeforeProcessingInitializeOnLoad (101ms)
			ProcessInitializeOnLoadAttributes (367ms)
			ProcessInitializeOnLoadMethodAttributes (47ms)
			AfterProcessingInitializeOnLoad (7ms)
			EditorAssembliesLoaded (0ms)
		ExecutionOrderSort2 (0ms)
		AwakeInstancesAfterBackupRestoration (16ms)
Refreshing native plugins compatible for Editor in 1.50 ms, found 3 plugins.
Preloading 0 native plugins for Editor in 0.00 ms.
Unloading 13 Unused Serialized files (Serialized files now loaded: 0)
Unloading 5955 unused Assets / (4.2 MB). Loaded Objects now: 7386.
Memory consumption went from 245.1 MB to 240.9 MB.
Total: 9.069900 ms (FindLiveObjects: 0.772500 ms CreateObjectMapping: 0.823400 ms MarkObjects: 4.744300 ms  DeleteObjects: 2.729000 ms)

Prepare: number of updated asset objects reloaded= 0
========================================================================
Received Import Request.
  Time since last request: 24794.819277 seconds.
  path: Assets/Scrips/factorybehaviour.cs
  artifactKey: Guid(e934d0e2109343642a20c448593d0966) Importer(815301076,1909f56bfc062723c751e8b465ee728b)
Start importing Assets/Scrips/factorybehaviour.cs using Guid(e934d0e2109343642a20c448593d0966) Importer(815301076,1909f56bfc062723c751e8b465ee728b) (PreviewImporter) -> (artifact id: 'ad3b3de32198b3c0a726e1ef04ed1acd') in 0.4069451 seconds
Number of updated asset objects reloaded before import = 0Number of asset objects unloaded after import = 0

